date_of_interest,case_count,probable_case_count,hospitalized_count,death_count,case_count_7day_avg,all_case_count_7day_avg,hosp_count_7day_avg,death_count_7day_avg
2020-02-29,1,0,1,0,0,0,0,0
2020-03-01,0,0,1,0,0,0,0,0
2020-03-02,0,0,2,0,0,0,0,0
2020-03-03,1,0,7,0,0,0,0,0
2020-03-04,5,0,2,0,0,0,0,0
2020-03-05,3,0,14,0,0,0,0,0
2020-03-06,8,0,8,0,3,3,5,0
2020-03-07,7,0,8,0,3,3,6,0
2020-03-08,21,0,18,0,6,6,8,0
2020-03-09,57,0,37,0,15,15,13,0
2020-03-10,69,0,60,0,24,24,21,0
2020-03-11,155,0,78,1,46,46,32,0
2020-03-12,355,0,106,0,96,96,45,0
2020-03-13,619,0,152,0,183,183,66,0
2020-03-14,642,1,177,3,274,274,90,1
2020-03-15,1034,0,210,4,419,419,117,1
2020-03-16,2121,2,338,9,714,714,160,2
2020-03-17,2451,4,385,12,1054,1055,207,4
2020-03-18,2971,5,494,24,1456,1458,266,7
2020-03-19,3706,4,631,27,1935,1937,341,11
2020-03-20,4007,3,738,49,2419,2422,425,18
2020-03-21,2639,7,734,51,2704,2708,504,25
2020-03-22,2580,4,773,52,2925,2929,585,32
2020-03-23,3570,15,1131,96,3132,3138,698,44
2020-03-24,4497,12,1301,107,3424,3431,829,58
2020-03-25,4873,18,1434,143,3696,3705,963,75
2020-03-26,5044,44,1535,229,3887,3902,1092,104
2020-03-27,5119,46,1585,262,4046,4067,1213,134
2020-03-28,3478,51,1394,323,4166,4193,1308,173
2020-03-29,3560,66,1509,356,4306,4342,1413,217
2020-03-30,6129,92,1858,414,4671,4718,1517,262
2020-03-31,5458,89,1816,476,4809,4867,1590,315
2020-04-01,5448,109,1768,556,4891,4962,1638,374
2020-04-02,5746,179,1684,676,4991,5081,1659,438
2020-04-03,5670,179,1712,676,5070,5179,1677,497
2020-04-04,3866,203,1460,715,5125,5256,1687,553
2020-04-05,3782,181,1406,759,5157,5304,1672,610
2020-04-06,6353,240,1750,816,5189,5358,1657,668
2020-04-07,6044,234,1590,832,5273,5462,1624,719
2020-04-08,5574,214,1559,782,5291,5495,1594,751
2020-04-09,5070,208,1353,767,5194,5403,1547,764
2020-04-10,4510,205,1293,742,5028,5241,1487,773
2020-04-11,3732,186,1048,730,5009,5219,1428,775
2020-04-12,2887,180,951,754,4881,5091,1363,775
2020-04-13,3311,199,1156,768,4447,4651,1279,768
2020-04-14,4144,155,984,661,4175,4368,1192,743
2020-04-15,3876,122,866,578,3933,4112,1093,714
2020-04-16,3530,143,782,555,3713,3883,1011,684
2020-04-17,3586,105,790,489,3581,3737,940,648
2020-04-18,2172,123,584,513,3358,3505,873,617
2020-04-19,2342,96,536,494,3280,3415,814,580
2020-04-20,3792,101,641,465,3349,3470,740,536
2020-04-21,3061,103,587,426,3194,3307,684,503
2020-04-22,3446,88,519,399,3133,3241,634,477
2020-04-23,2841,85,448,415,3034,3134,586,457
2020-04-24,2535,66,474,380,2884,2979,541,442
2020-04-25,1595,60,327,325,2802,2887,505,415
2020-04-26,1003,55,307,300,2610,2690,472,387
2020-04-27,2290,52,370,322,2396,2469,433,367
2020-04-28,2726,38,356,267,2348,2411,400,344
2020-04-29,2339,37,313,274,2190,2246,371,326
2020-04-30,2021,30,254,253,2073,2121,343,303
2020-05-01,1886,47,263,256,1980,2026,313,285
2020-05-02,1058,35,208,224,1903,1945,296,271
2020-05-03,787,33,216,210,1872,1911,283,258
2020-05-04,1549,37,241,195,1767,1803,264,240
2020-05-05,1512,18,213,169,1593,1627,244,226
2020-05-06,1397,31,213,182,1459,1492,230,213
2020-05-07,1238,18,176,159,1347,1378,219,199
2020-05-08,1079,25,166,155,1231,1260,205,185
2020-05-09,657,11,123,110,1174,1199,193,169
2020-05-10,457,12,105,114,1127,1149,177,155
2020-05-11,1231,17,180,120,1082,1100,168,144
2020-05-12,1285,17,113,108,1049,1068,154,135
2020-05-13,1333,9,130,92,1040,1056,142,123
2020-05-14,1111,16,142,86,1022,1037,137,112
2020-05-15,873,11,128,98,992,1006,132,104
2020-05-16,485,19,91,100,968,982,127,103
2020-05-17,360,12,80,89,954,968,123,99
2020-05-18,894,8,111,67,906,919,114,91
2020-05-19,1002,9,114,64,865,877,114,85
2020-05-20,1077,6,80,84,829,840,107,84
2020-05-21,1069,7,83,51,823,833,98,79
2020-05-22,1036,14,102,79,846,857,94,76
2020-05-23,455,4,74,64,842,850,92,71
2020-05-24,467,6,86,54,857,865,93,66
2020-05-25,464,7,79,53,796,803,88,64
2020-05-26,1050,8,76,42,803,810,83,61
2020-05-27,740,5,75,52,754,762,82,56
2020-05-28,646,5,79,41,694,701,82,55
2020-05-29,638,13,84,51,637,644,79,51
2020-05-30,346,5,54,56,622,629,76,50
2020-05-31,230,8,60,42,588,595,72,48
2020-06-01,686,12,81,39,619,627,73,46
2020-06-02,570,10,64,45,551,559,71,47
2020-06-03,515,4,73,45,519,527,71,46
2020-06-04,517,11,75,38,500,509,70,45
2020-06-05,402,15,53,31,467,476,66,42
2020-06-06,247,7,42,36,452,462,64,39
2020-06-07,197,15,54,29,448,458,63,38
2020-06-08,447,22,60,44,414,426,60,38
2020-06-09,419,9,65,33,392,404,60,37
2020-06-10,363,20,65,39,370,384,59,36
2020-06-11,363,18,49,26,348,363,55,34
2020-06-12,409,18,52,26,349,365,55,33
2020-06-13,196,13,35,17,342,358,54,31
2020-06-14,180,13,47,22,340,356,53,30
2020-06-15,380,18,52,20,330,346,52,26
2020-06-16,419,17,61,19,330,347,52,24
2020-06-17,356,13,49,21,329,345,49,22
2020-06-18,378,8,56,16,331,345,50,20
2020-06-19,361,24,45,16,324,339,49,19
2020-06-20,203,16,25,17,325,341,48,19
2020-06-21,172,12,44,22,324,340,47,19
2020-06-22,402,15,48,18,327,342,47,18
2020-06-23,381,14,44,19,322,336,44,18
2020-06-24,381,14,52,18,325,340,45,18
2020-06-25,298,10,43,16,314,329,43,18
2020-06-26,317,17,33,18,308,322,41,18
2020-06-27,206,13,43,17,308,322,44,18
2020-06-28,201,16,32,12,312,326,42,17
2020-06-29,437,26,47,19,317,333,42,17
2020-06-30,442,15,45,11,326,342,42,16
2020-07-01,396,22,39,10,328,345,40,15
2020-07-02,416,12,45,18,345,362,41,15
2020-07-03,233,14,30,12,333,350,40,14
2020-07-04,120,11,30,6,321,337,38,13
2020-07-05,155,10,29,9,314,330,38,12
2020-07-06,431,24,54,11,313,329,39,11
2020-07-07,461,24,47,7,316,333,39,10
2020-07-08,437,16,34,16,322,338,38,11
2020-07-09,391,18,46,5,318,335,39,9
2020-07-10,307,20,45,5,329,346,41,8
2020-07-11,259,17,34,9,349,367,41,9
2020-07-12,223,13,26,7,358,377,41,9
2020-07-13,483,21,49,15,366,384,40,9
2020-07-14,403,15,43,10,358,375,40,10
2020-07-15,440,22,44,14,358,376,41,9
2020-07-16,411,22,34,6,361,379,39,9
2020-07-17,413,19,50,10,376,394,40,10
2020-07-18,216,20,26,11,370,389,39,10
2020-07-19,175,27,38,10,363,384,41,11
2020-07-20,404,30,38,10,352,374,39,10
2020-07-21,341,14,24,6,343,365,36,10
2020-07-22,328,20,40,8,327,349,36,9
2020-07-23,309,14,33,8,312,333,36,9
2020-07-24,299,16,40,5,296,316,34,8
2020-07-25,153,15,35,11,287,306,35,8
2020-07-26,140,17,25,8,282,300,34,8
2020-07-27,313,18,38,3,269,285,34,7
2020-07-28,313,17,38,13,265,282,36,8
2020-07-29,287,24,30,5,259,276,34,8
2020-07-30,274,11,37,5,254,271,35,7
2020-07-31,262,23,34,4,249,267,34,7
2020-08-01,189,12,27,7,254,271,33,6
2020-08-02,135,10,33,2,253,270,34,6
2020-08-03,348,25,40,3,258,276,34,6
2020-08-04,187,19,32,5,240,258,33,4
2020-08-05,298,21,38,6,242,259,34,5
2020-08-06,288,18,34,6,244,262,34,5
2020-08-07,255,24,23,2,243,261,32,4
2020-08-08,160,25,21,4,239,259,32,4
2020-08-09,133,17,26,3,238,260,31,4
2020-08-10,312,31,41,5,233,255,31,4
2020-08-11,263,28,25,5,244,268,30,4
2020-08-12,320,19,31,3,247,270,29,4
2020-08-13,276,34,39,4,246,271,29,4
2020-08-14,277,22,38,4,249,274,32,4
2020-08-15,151,15,23,5,247,271,32,4
2020-08-16,140,19,21,5,248,272,31,4
2020-08-17,333,25,33,5,251,275,30,4
2020-08-18,283,26,39,2,254,277,32,4
2020-08-19,257,39,35,1,245,271,33,4
2020-08-20,227,21,37,6,238,262,32,4
2020-08-21,252,28,31,5,235,259,31,4
2020-08-22,136,21,27,7,233,258,32,4
2020-08-23,150,20,23,3,234,260,32,4
2020-08-24,297,22,36,8,229,254,33,5
2020-08-25,283,19,40,3,229,253,33,5
2020-08-26,313,23,28,7,237,259,32,6
2020-08-27,274,22,31,1,244,266,31,5
2020-08-28,280,19,22,6,248,268,30,5
2020-08-29,128,25,22,4,246,268,29,5
2020-08-30,186,21,20,6,252,273,28,5
2020-08-31,315,16,42,1,254,275,29,4
2020-09-01,294,34,21,3,256,279,27,4
2020-09-02,271,25,29,5,250,273,27,4
2020-09-03,273,29,18,3,250,274,25,4
2020-09-04,229,20,31,6,242,267,26,4
2020-09-05,156,11,22,3,246,269,26,4
2020-09-06,207,24,31,6,249,272,28,4
2020-09-07,217,23,19,0,235,259,24,4
2020-09-08,393,23,26,2,249,272,25,4
2020-09-09,353,31,31,2,261,284,25,3
2020-09-10,323,28,25,4,268,291,26,3
2020-09-11,313,32,32,6,280,305,27,3
2020-09-12,202,25,11,4,287,313,25,3
2020-09-13,263,27,17,3,295,322,23,3
2020-09-14,461,27,32,5,330,357,25,4
2020-09-15,414,50,29,5,333,364,25,4
2020-09-16,456,37,46,6,347,380,27,5
2020-09-17,441,35,34,3,364,398,29,5
2020-09-18,292,38,37,3,361,395,29,4
2020-09-19,218,23,21,5,364,397,31,4
2020-09-20,220,26,24,5,357,391,32,5
2020-09-21,558,53,29,3,371,409,31,4
2020-09-22,497,56,34,4,383,421,32,4
2020-09-23,612,65,38,5,405,448,31,4
2020-09-24,542,71,42,3,420,467,32,4
2020-09-25,463,57,46,5,444,494,33,4
2020-09-26,280,33,26,5,453,505,34,4
2020-09-27,382,48,37,4,476,531,36,4
2020-09-28,437,41,38,5,459,512,37,4
2020-09-29,723,71,50,6,491,546,40,5
2020-09-30,606,83,51,8,490,548,41,5
2020-10-01,705,79,41,7,514,573,41,6
2020-10-02,605,82,49,3,534,596,42,5
2020-10-03,299,42,25,6,537,600,42,6
2020-10-04,335,64,44,7,530,596,43,6
2020-10-05,766,116,55,0,577,654,45,5
2020-10-06,571,72,48,4,555,632,45,5
2020-10-07,541,83,46,4,546,623,44,4
2020-10-08,526,76,47,6,520,597,45,4
2020-10-09,524,91,55,2,509,587,46,4
2020-10-10,314,45,38,4,511,589,48,4
2020-10-11,281,49,49,7,503,579,48,4
2020-10-12,515,69,52,8,467,537,48,5
2020-10-13,588,111,50,5,470,545,48,5
2020-10-14,583,140,58,8,476,559,50,6
2020-10-15,603,134,74,9,487,578,54,6
2020-10-16,505,128,48,7,484,581,53,7
2020-10-17,366,107,35,5,492,597,52,7
2020-10-18,412,120,40,4,510,626,51,7
2020-10-19,626,168,69,8,526,656,53,7
2020-10-20,601,160,74,5,528,665,57,7
2020-10-21,654,167,52,6,538,679,56,6
2020-10-22,759,180,53,3,560,708,53,5
2020-10-23,601,173,60,5,574,728,55,5
2020-10-24,386,137,47,2,577,735,56,5
2020-10-25,362,152,44,10,570,732,57,6
2020-10-26,695,218,56,6,580,749,55,5
2020-10-27,742,231,46,9,600,780,51,6
2020-10-28,782,224,45,5,618,806,50,6
2020-10-29,621,225,59,4,598,793,51,6
2020-10-30,655,224,60,10,606,808,51,7
2020-10-31,403,140,48,4,609,811,51,7
2020-11-01,501,237,55,12,628,843,53,7
2020-11-02,953,329,64,9,665,895,54,8
2020-11-03,903,302,75,16,688,928,58,9
2020-11-04,1113,378,69,9,736,998,61,9
2020-11-05,1139,393,85,10,810,1096,65,10
2020-11-06,1037,420,64,11,864,1178,66,10
2020-11-07,845,357,60,13,927,1272,67,11
2020-11-08,788,369,65,9,968,1332,69,11
2020-11-09,1545,538,80,6,1053,1447,71,11
2020-11-10,1598,502,89,7,1152,1575,73,9
2020-11-11,1539,470,99,9,1213,1649,77,9
2020-11-12,1502,501,80,16,1265,1716,77,10
2020-11-13,1494,511,92,6,1330,1794,81,9
2020-11-14,1025,429,101,11,1356,1830,87,9
2020-11-15,896,420,92,14,1371,1853,90,10
2020-11-16,1832,526,127,8,1412,1892,97,10
2020-11-17,1730,545,102,10,1431,1917,99,11
2020-11-18,1753,532,120,12,1462,1957,102,11
2020-11-19,1857,519,132,10,1512,2010,109,10
2020-11-20,1774,511,135,9,1552,2050,116,11
2020-11-21,1290,354,119,11,1590,2077,118,11
2020-11-22,1148,415,116,12,1626,2112,122,10
2020-11-23,2317,582,150,14,1696,2190,125,11
2020-11-24,2074,599,131,18,1745,2246,129,12
2020-11-25,2370,633,141,12,1833,2349,132,12
2020-11-26,817,376,156,10,1684,2180,135,12
2020-11-27,2299,765,158,16,1759,2291,139,13
2020-11-28,1839,585,127,14,1838,2403,140,14
2020-11-29,1891,625,163,15,1944,2539,147,14
2020-11-30,2895,787,188,20,2026,2651,152,15
2020-12-01,3308,987,200,24,2203,2882,162,16
2020-12-02,3130,820,176,26,2311,3018,167,18
2020-12-03,2945,907,218,20,2615,3398,176,19
2020-12-04,2817,755,182,28,2689,3470,179,21
2020-12-05,1887,652,178,26,2696,3487,186,23
2020-12-06,1753,659,173,22,2676,3472,188,24
2020-12-07,3304,1005,222,21,2735,3561,193,24
2020-12-08,3060,904,220,23,2699,3514,196,24
2020-12-09,3105,963,278,29,2696,3531,210,24
2020-12-10,3149,905,246,28,2725,3560,214,25
2020-12-11,2977,893,244,31,2748,3602,223,26
2020-12-12,2206,583,209,34,2793,3638,227,27
2020-12-13,2177,898,227,32,2854,3733,235,28
2020-12-14,3582,1076,266,30,2894,3783,241,30
2020-12-15,3681,944,238,34,2982,3877,244,31
2020-12-16,2788,777,214,42,2937,3805,235,33
2020-12-17,1927,770,231,39,2763,3611,233,35
2020-12-18,3427,835,274,41,2827,3667,237,36
2020-12-19,2557,690,239,33,2877,3733,241,36
2020-12-20,2346,710,246,34,2901,3730,244,36
2020-12-21,4339,1044,331,46,3009,3834,253,38
2020-12-22,4104,948,287,55,3070,3895,260,41
2020-12-23,3843,937,303,42,3220,4068,273,41
2020-12-24,3016,642,276,43,3376,4205,279,42
2020-12-25,1046,595,267,40,3036,3831,278,42
2020-12-26,3454,898,264,39,3164,3989,282,43
2020-12-27,2888,919,241,48,3241,4096,281,45
2020-12-28,5392,1192,356,45,3392,4268,285,45
2020-12-29,5206,1004,324,53,3549,4433,290,44
2020-12-30,4983,1050,316,45,3712,4612,292,45
2020-12-31,3390,770,287,42,3766,4684,294,45
2021-01-01,1340,785,297,41,3808,4753,298,45
2021-01-02,4200,1069,325,62,3914,4884,307,48
2021-01-03,3464,1021,300,43,3996,4981,315,47
2021-01-04,6609,1470,411,65,4170,5194,323,50
2021-01-05,6153,1400,353,73,4306,5386,327,53
2021-01-06,5692,1281,381,66,4407,5521,336,56
2021-01-07,5449,1182,359,56,4701,5874,347,58
2021-01-08,5305,1089,355,64,5267,6483,355,61
2021-01-09,3693,895,331,73,5195,6386,356,63
2021-01-10,3197,1008,310,57,5157,6346,357,65
2021-01-11,5921,1346,403,61,5059,6230,356,64
2021-01-12,5241,1188,397,78,4928,6070,362,65
2021-01-13,5184,1217,428,72,4856,5988,369,66
2021-01-14,5264,1129,430,70,4829,5954,379,68
2021-01-15,4845,1081,390,69,4764,5887,384,69
2021-01-16,3481,910,373,71,4733,5859,390,68
2021-01-17,2919,1034,338,59,4694,5823,394,69
2021-01-18,4645,1323,444,79,4511,5637,400,71
2021-01-19,5140,1338,391,88,4497,5644,399,73
2021-01-20,4909,1271,372,80,4458,5613,391,74
2021-01-21,4942,1246,416,69,4412,5583,389,74
2021-01-22,4715,1225,429,87,4393,5585,395,76
2021-01-23,3462,1028,324,85,4390,5600,388,78
2021-01-24,2927,967,334,74,4391,5591,387,80
2021-01-25,5808,1417,403,71,4558,5771,381,79
2021-01-26,4861,1236,369,86,4518,5716,378,79
2021-01-27,5003,1198,426,95,4531,5719,386,81
2021-01-28,4778,1156,391,90,4508,5683,382,84
2021-01-29,3667,1001,408,89,4358,5501,379,84
2021-01-30,2875,821,272,84,4274,5388,372,84
2021-01-31,2894,948,303,76,4269,5380,367,84
2021-02-01,977,547,289,66,3579,4566,351,84
2021-02-02,2660,535,401,82,3265,4151,356,83
2021-02-03,5144,1083,436,80,3285,4155,357,81
2021-02-04,4831,1111,436,97,3293,4156,364,82
2021-02-05,4161,1115,439,85,3363,4243,368,81
2021-02-06,3080,863,356,81,3392,4278,380,81
2021-02-07,1645,722,310,80,3214,4068,381,82
2021-02-08,4431,1166,390,86,3707,4650,395,84
2021-02-09,3722,1017,395,71,3859,4870,395,83
2021-02-10,3777,984,355,81,3664,4661,383,83
2021-02-11,3411,915,324,99,3461,4430,367,83
2021-02-12,3315,840,342,83,3340,4270,353,83
2021-02-13,2209,806,281,87,3216,4137,342,84
2021-02-14,1898,794,243,83,3252,4184,333,84
2021-02-15,2860,693,317,85,3027,3892,322,84
2021-02-16,3722,950,353,86,3027,3882,316,86
2021-02-17,3434,1024,293,85,2978,3839,308,87
2021-02-18,2049,797,258,58,2784,3627,298,81
2021-02-19,3007,984,299,58,2740,3604,292,77
2021-02-20,2495,927,296,75,2781,3662,294,76
2021-02-21,2286,583,274,62,2836,3687,299,73
2021-02-22,3624,973,347,73,2945,3836,303,71
2021-02-23,3473,1055,331,80,2910,3816,300,70
2021-02-24,3464,997,353,82,2914,3816,308,70
2021-02-25,3474,974,292,80,3118,4045,313,73
2021-02-26,3241,976,327,77,3151,4077,317,76
2021-02-27,2018,789,241,67,3083,3990,309,74
2021-02-28,2037,881,244,72,3047,3997,305,76
2021-03-01,3727,1177,323,65,3062,4040,302,75
2021-03-02,3108,1014,273,55,3010,3982,293,71
2021-03-03,3242,1123,306,74,2978,3969,287,70
2021-03-04,3118,997,298,65,2927,3921,287,68
2021-03-05,2886,905,255,53,2877,3860,277,64
2021-03-06,2043,694,241,56,2880,3850,277,63
2021-03-07,1876,850,245,61,2857,3823,277,61
2021-03-08,3401,1163,300,71,2811,3774,274,62
2021-03-09,3341,1073,282,72,2844,3816,275,65
2021-03-10,3204,1086,282,65,2838,3805,272,63
2021-03-11,3104,1004,292,58,2836,3804,271,62
2021-03-12,3203,886,293,74,2882,3847,276,65
2021-03-13,2174,825,222,65,2900,3884,274,67
2021-03-14,1928,812,251,43,2908,3886,275,64
2021-03-15,3394,1087,293,47,2907,3874,274,61
2021-03-16,3194,985,251,66,2886,3841,269,60
2021-03-17,3172,1119,276,47,2881,3841,268,57
2021-03-18,2922,989,305,61,2855,3813,270,58
2021-03-19,3038,1026,261,48,2832,3809,266,54
2021-03-20,2160,888,261,51,2830,3816,271,52
2021-03-21,2093,818,272,50,2853,3841,274,53
2021-03-22,3881,1250,328,56,2923,3934,279,54
2021-03-23,3252,1122,285,54,2931,3961,284,52
2021-03-24,3444,1160,294,43,2970,4006,287,52
2021-03-25,3799,1216,312,72,3095,4164,288,53
2021-03-26,3412,1026,310,66,3149,4217,295,56
2021-03-27,2218,819,267,59,3157,4216,295,57
2021-03-28,1749,718,208,57,3108,4152,286,58
2021-03-29,3558,1197,305,52,3062,4099,283,58
2021-03-30,3186,978,264,46,3052,4069,280,56
2021-03-31,3185,992,291,65,3015,4008,280,60
2021-04-01,2865,857,264,59,2882,3823,273,58
2021-04-02,2623,794,265,53,2769,3677,266,56
2021-04-03,2049,584,236,50,2745,3619,262,55
2021-04-04,1461,599,212,48,2704,3561,262,53
2021-04-05,3270,976,266,56,2663,3488,257,54
2021-04-06,3002,936,231,48,2636,3456,252,54
2021-04-07,2764,846,221,45,2576,3375,242,51
2021-04-08,2575,749,218,55,2535,3318,236,51
2021-04-09,2464,753,207,57,2512,3290,227,51
2021-04-10,1723,599,190,51,2466,3245,221,51
2021-04-11,1312,628,161,57,2444,3228,213,53
2021-04-12,2537,811,205,43,2340,3100,205,51
2021-04-13,2364,719,204,38,2248,2978,201,49
2021-04-14,2240,646,192,36,2174,2874,197,48
2021-04-15,2016,594,220,43,2094,2772,197,46
2021-04-16,1828,631,198,35,2003,2664,196,43
2021-04-17,1275,446,164,35,1939,2578,192,41
2021-04-18,1049,476,167,37,1901,2519,193,38
2021-04-19,1887,606,179,43,1808,2397,189,38
2021-04-20,1606,487,155,35,1700,2255,182,38
2021-04-21,1423,535,117,36,1583,2123,171,38
2021-04-22,1359,428,158,42,1490,2005,163,38
2021-04-23,1287,400,153,47,1412,1895,156,39
2021-04-24,852,320,101,30,1352,1816,147,39
2021-04-25,755,282,119,26,1310,1747,140,37
2021-04-26,1366,366,145,30,1235,1638,135,35
2021-04-27,1139,356,116,33,1169,1553,130,35
2021-04-28,1208,381,125,33,1138,1500,131,34
2021-04-29,1052,317,116,33,1094,1440,125,33
2021-04-30,950,314,91,39,1046,1380,116,32
2021-05-01,578,216,78,33,1007,1326,113,32
2021-05-02,567,207,72,29,980,1288,106,33
2021-05-03,935,282,90,24,918,1215,98,32
2021-05-04,874,230,98,24,881,1159,96,31
2021-05-05,775,220,81,27,819,1074,89,30
2021-05-06,782,236,82,29,780,1024,85,29
2021-05-07,715,195,72,35,747,973,82,29
2021-05-08,384,145,65,24,719,935,80,27
2021-05-09,343,137,60,28,687,893,78,27
2021-05-10,655,202,70,25,647,842,75,27
2021-05-11,627,176,70,22,612,799,71,27
2021-05-12,594,166,64,19,586,765,69,26
2021-05-13,506,133,67,24,546,711,67,25
2021-05-14,487,184,69,28,514,677,66,24
2021-05-15,292,96,42,12,501,657,63,23
2021-05-16,279,130,40,17,491,647,60,21
2021-05-17,453,132,72,16,463,608,61,20
2021-05-18,415,127,52,14,432,571,58,19
2021-05-19,377,122,57,13,401,533,57,18
2021-05-20,397,94,65,15,386,512,57,16
2021-05-21,349,90,51,13,366,479,54,14
2021-05-22,233,83,38,17,358,469,54,15
2021-05-23,186,61,46,10,344,446,54,14
2021-05-24,355,122,35,10,330,430,49,13
2021-05-25,305,95,42,7,315,410,48,12
2021-05-26,249,70,33,4,296,384,44,11
2021-05-27,257,76,47,9,276,362,42,10
2021-05-28,210,54,35,12,256,337,39,10
2021-05-29,126,51,25,9,241,317,38,9
2021-05-30,118,39,27,8,231,304,35,8
2021-05-31,118,63,18,12,198,262,32,9
2021-06-01,289,66,35,12,195,255,31,9
2021-06-02,244,67,44,11,195,254,33,10
2021-06-03,206,44,29,10,187,242,30,11
2021-06-04,225,58,25,8,189,245,29,10
2021-06-05,143,52,16,6,192,247,28,10
2021-06-06,130,29,23,5,194,248,27,9
2021-06-07,222,72,32,6,208,264,29,8
2021-06-08,175,59,35,10,192,247,29,8
2021-06-09,210,49,23,9,187,239,26,8
2021-06-10,156,52,25,6,180,233,26,7
2021-06-11,187,44,22,9,175,226,25,7
2021-06-12,121,35,21,4,172,220,26,7
2021-06-13,114,45,31,6,169,220,27,7
2021-06-14,179,51,26,8,163,211,26,7
2021-06-15,179,36,25,6,164,208,25,7
2021-06-16,172,55,25,7,158,204,25,7
2021-06-17,187,46,28,10,163,207,25,7
2021-06-18,160,30,19,8,159,201,25,7
2021-06-19,107,42,13,11,157,200,24,8
2021-06-20,95,40,25,5,154,197,23,8
2021-06-21,168,57,30,3,153,196,24,7
2021-06-22,171,45,34,8,151,196,25,7
2021-06-23,187,42,24,5,154,197,25,7
2021-06-24,175,57,14,5,152,197,23,6
2021-06-25,180,44,18,5,155,201,23,6
2021-06-26,118,44,18,3,156,203,23,5
2021-06-27,109,38,22,1,158,205,23,4
2021-06-28,206,80,27,6,164,214,22,5
2021-06-29,212,53,21,4,170,221,21,4
2021-06-30,226,85,20,4,175,232,20,4
2021-07-01,204,43,31,4,179,235,22,4
2021-07-02,233,66,37,7,187,245,25,4
2021-07-03,146,57,22,6,191,251,26,5
2021-07-04,124,48,24,3,193,255,26,5
2021-07-05,187,65,16,2,190,250,24,4
2021-07-06,364,111,24,3,212,280,25,4
2021-07-07,402,106,23,2,237,308,25,4
2021-07-08,369,123,23,2,261,343,24,4
2021-07-09,371,121,35,2,280,371,24,3
2021-07-10,238,118,20,2,294,392,24,2
2021-07-11,272,110,28,4,315,422,24,2
2021-07-12,477,169,24,5,356,479,25,3
2021-07-13,457,192,27,3,369,504,26,3
2021-07-14,549,202,47,2,390,538,29,3
2021-07-15,552,232,28,5,417,580,30,3
2021-07-16,557,184,38,5,443,616,30,4
2021-07-17,340,149,39,7,458,635,33,4
2021-07-18,395,196,39,3,475,664,35,4
2021-07-19,813,298,55,4,523,731,39,4
2021-07-20,708,230,54,4,559,772,43,4
2021-07-21,893,254,48,2,608,829,43,4
2021-07-22,977,321,53,3,669,902,47,4
2021-07-23,916,295,53,4,720,969,49,4
2021-07-24,552,255,41,2,751,1015,49,3
2021-07-25,635,280,41,4,785,1061,49,3
2021-07-26,1223,391,63,2,843,1133,50,3
2021-07-27,1200,371,71,5,914,1223,53,3
2021-07-28,1244,443,77,6,964,1300,57,4
2021-07-29,1289,388,76,7,1008,1355,60,4
2021-07-30,1279,377,78,9,1060,1418,64,5
2021-07-31,849,324,71,5,1103,1470,68,5
2021-08-01,830,326,50,12,1131,1505,69,7
2021-08-02,1569,452,74,4,1180,1563,71,7
2021-08-03,1583,457,100,2,1235,1630,75,6
2021-08-04,1612,424,89,8,1287,1680,77,7
2021-08-05,1525,517,89,7,1321,1732,79,7
2021-08-06,1577,416,113,11,1364,1780,84,7
2021-08-07,1148,332,85,14,1406,1824,86,8
2021-08-08,1072,332,99,6,1441,1859,93,7
2021-08-09,1892,445,130,10,1487,1905,101,8
2021-08-10,1667,441,121,6,1499,1914,104,9
2021-08-11,1752,273,135,10,1519,1913,110,9
2021-08-12,1757,356,123,6,1552,1923,115,9
2021-08-13,1599,448,140,9,1555,1931,119,9
2021-08-14,1049,313,94,10,1541,1914,120,8
2021-08-15,1143,321,112,7,1551,1922,122,8
2021-08-16,1929,508,135,6,1557,1937,123,8
2021-08-17,1741,439,137,16,1567,1947,125,9
2021-08-18,1814,456,108,14,1576,1982,121,10
2021-08-19,1692,437,98,14,1567,1984,118,11
2021-08-20,1559,388,123,7,1561,1970,115,11
2021-08-21,1090,314,113,16,1567,1976,118,11
2021-08-22,719,208,105,11,1506,1899,117,12
2021-08-23,1951,460,119,12,1509,1895,115,13
2021-08-24,1837,418,109,11,1523,1906,111,12
2021-08-25,1784,445,110,8,1519,1900,111,11
2021-08-26,1643,423,109,15,1512,1891,113,11
2021-08-27,1448,395,110,11,1496,1876,111,12
2021-08-28,988,316,87,14,1481,1862,107,12
2021-08-29,989,250,96,14,1520,1907,106,12
2021-08-30,1835,443,121,14,1503,1888,106,12
2021-08-31,1621,371,125,11,1473,1850,108,12
2021-09-01,1556,334,127,13,1440,1802,111,13
2021-09-02,1430,334,95,13,1410,1759,109,13
2021-09-03,1421,330,80,8,1406,1745,104,12
2021-09-04,905,256,110,14,1394,1725,108,12
2021-09-05,954,262,73,15,1389,1722,104,13
2021-09-06,942,268,78,17,1261,1569,98,13
2021-09-07,1570,375,110,7,1254,1562,96,12
2021-09-08,1592,387,100,20,1259,1575,92,13
2021-09-09,1713,389,103,19,1300,1623,93,14
2021-09-10,1548,412,99,15,1318,1653,96,15
2021-09-11,1037,320,84,15,1337,1681,92,15
2021-09-12,1212,343,90,11,1373,1730,95,15
2021-09-13,1739,439,104,13,1487,1868,99,14
2021-09-14,1641,433,84,9,1497,1886,95,15
2021-09-15,1609,453,95,10,1500,1898,94,13
2021-09-16,1387,423,86,12,1453,1857,92,12
2021-09-17,1524,436,90,11,1450,1857,90,12
2021-09-18,956,339,89,11,1438,1848,91,11
2021-09-19,1058,441,69,17,1416,1840,88,12
2021-09-20,1636,495,99,15,1402,1833,87,12
2021-09-21,1302,452,84,14,1353,1787,87,13
2021-09-22,1415,448,98,16,1325,1759,88,14
2021-09-23,1290,465,98,11,1312,1751,90,14
2021-09-24,1222,436,81,10,1268,1708,88,13
2021-09-25,814,322,70,16,1248,1685,86,14
2021-09-26,856,347,55,15,1219,1643,84,14
2021-09-27,1363,406,75,17,1180,1591,80,14
2021-09-28,1117,395,68,14,1154,1557,78,14
2021-09-29,1096,407,66,15,1108,1505,73,14
2021-09-30,1126,411,65,8,1085,1474,69,14
2021-10-01,1086,409,87,8,1065,1451,69,13
2021-10-02,678,277,66,12,1046,1425,69,13
2021-10-03,907,279,65,12,1053,1422,70,12
2021-10-04,1272,415,77,13,1040,1411,71,12
2021-10-05,1270,349,71,6,1062,1426,71,11
2021-10-06,1146,335,65,17,1069,1423,71,11
2021-10-07,1080,361,62,13,1063,1409,70,12
2021-10-08,1011,343,47,16,1052,1389,65,13
2021-10-09,610,241,67,8,1042,1374,65,12
2021-10-10,687,224,52,17,1011,1335,63,13
2021-10-11,935,308,55,9,963,1271,60,12
2021-10-12,1147,287,52,4,945,1245,57,12
2021-10-13,1110,273,77,9,940,1231,59,11
2021-10-14,1024,293,50,8,932,1213,57,10
2021-10-15,884,234,61,9,914,1180,59,9
2021-10-16,488,193,57,6,896,1155,58,9
2021-10-17,586,205,49,11,882,1138,57,8
2021-10-18,872,299,59,13,873,1128,58,9
2021-10-19,796,204,50,11,823,1066,58,10
2021-10-20,797,208,51,7,778,1012,54,9
2021-10-21,810,196,51,15,748,967,54,10
2021-10-22,693,228,46,10,720,939,52,10
2021-10-23,451,143,44,10,715,927,50,11
2021-10-24,444,149,44,14,695,899,49,11
2021-10-25,898,239,35,9,698,894,46,11
2021-10-26,594,150,43,7,670,857,45,10
2021-10-27,759,211,49,10,664,852,45,11
2021-10-28,737,193,38,7,654,841,43,10
2021-10-29,641,200,32,4,646,830,41,9
2021-10-30,400,157,30,10,639,825,39,9
2021-10-31,446,153,32,7,639,825,37,8
2021-11-01,780,278,40,4,622,814,38,7
2021-11-02,806,240,50,10,653,857,39,7
2021-11-03,824,272,54,6,662,875,39,7
2021-11-04,906,259,40,4,686,909,40,6
2021-11-05,768,268,35,6,704,937,40,7
2021-11-06,506,220,41,12,719,961,42,7
2021-11-07,543,216,34,8,733,984,42,7
2021-11-08,1135,306,44,8,784,1038,43,8
2021-11-09,1037,276,35,12,817,1077,40,8
2021-11-10,1047,358,46,6,849,1121,39,8
2021-11-11,874,319,50,6,844,1125,41,8
2021-11-12,1028,320,43,16,881,1169,42,10
2021-11-13,613,210,45,8,897,1183,42,9
2021-11-14,689,258,40,5,918,1210,43,9
2021-11-15,1264,369,48,12,936,1237,44,9
2021-11-16,1272,336,43,10,970,1280,45,9
2021-11-17,1329,378,53,7,1010,1323,46,9
2021-11-18,1310,368,55,7,1072,1392,47,9
2021-11-19,1184,383,53,8,1094,1423,48,8
2021-11-20,827,292,47,10,1125,1466,48,8
2021-11-21,841,311,43,4,1147,1495,49,8
2021-11-22,1529,477,56,8,1185,1548,50,8
2021-11-23,1380,351,65,6,1200,1566,53,7
2021-11-24,1417,439,68,14,1213,1587,55,8
2021-11-25,531,248,68,7,1101,1459,57,8
2021-11-26,1172,407,77,11,1100,1460,61,9
2021-11-27,972,354,64,9,1120,1490,63,8
2021-11-28,1060,402,56,10,1152,1534,65,9
2021-11-29,2326,617,82,10,1265,1668,69,10
2021-11-30,2007,530,90,6,1355,1783,72,10
2021-12-01,2180,625,92,18,1464,1919,76,10
2021-12-02,2108,619,91,15,1689,2197,79,11
2021-12-03,1894,535,107,13,1792,2318,83,12
2021-12-04,1321,442,85,11,1842,2381,86,12
2021-12-05,1405,518,105,14,1892,2447,93,12
2021-12-06,2797,739,141,9,1959,2531,102,12
2021-12-07,2923,659,136,17,2090,2681,108,14
2021-12-08,3136,793,148,8,2226,2841,116,12
2021-12-09,3023,756,142,11,2357,2992,123,12
2021-12-10,3084,763,173,16,2527,3194,133,12
2021-12-11,2159,347,130,9,2647,3300,139,12
2021-12-12,2795,769,140,17,2845,3535,144,12
2021-12-13,7529,1289,203,21,3521,4289,153,14
2021-12-14,10881,1745,210,20,4658,5581,164,15
2021-12-15,13167,1957,226,11,6091,7181,175,15
2021-12-16,13868,2202,345,12,7640,8936,204,15
2021-12-17,13554,2029,306,23,9136,10613,223,16
2021-12-18,9946,1660,284,18,10249,11913,245,17
2021-12-19,10568,1920,344,27,11359,13188,274,19
2021-12-20,27949,3259,423,13,14276,16386,305,18
2021-12-21,30413,3587,463,11,17066,19440,342,16
2021-12-22,31408,5313,689,32,19672,22525,408,19
2021-12-23,31841,3850,693,23,22240,25328,457,21
2021-12-24,17498,2492,583,44,22803,25958,497,24
2021-12-25,7803,1294,615,38,22497,25599,544,27
2021-12-26,23005,3222,741,35,24274,27562,601,28
2021-12-27,51301,5768,965,37,27610,31256,678,31
2021-12-28,49753,4177,870,39,30373,34104,737,35
2021-12-29,50571,5881,954,49,33110,36922,774,38
2021-12-30,47526,5753,1045,35,35351,39435,825,40
2021-12-31,29188,3340,831,61,37021,41226,860,42
2022-01-01,12069,1906,879,68,37630,41923,898,46
2022-01-02,32550,3502,1309,69,38994,43326,979,51
2022-01-03,55058,5871,1139,77,39531,43878,1004,57
2022-01-04,49279,5428,1014,95,39463,43989,1024,65
2022-01-05,40283,4470,1134,87,37993,42318,1050,70
2022-01-06,36400,3632,949,98,36404,40425,1036,79
2022-01-07,23221,2681,827,105,35551,39479,1036,86
2022-01-08,16206,2065,761,108,36142,40092,1019,91
2022-01-09,14362,1928,724,126,33544,37269,935,99
2022-01-10,25068,3374,928,122,29260,32628,905,106
2022-01-11,18545,2350,771,147,24869,27798,871,113
2022-01-12,18445,2194,760,126,21750,24353,817,119
2022-01-13,16100,1921,729,135,18850,21209,786,124
2022-01-14,13294,1634,690,139,17431,19641,766,129
2022-01-15,6760,882,515,105,16082,18122,731,129
2022-01-16,6891,902,451,126,15015,16909,692,129
2022-01-17,9834,1238,538,111,12838,14427,636,127
2022-01-18,10923,1192,512,125,11750,13173,599,124
2022-01-19,9036,974,431,100,10405,11654,552,120
2022-01-20,7044,722,464,119,9112,10189,514,118
2022-01-21,5798,644,402,123,8041,8977,473,116
2022-01-22,3633,518,322,87,7594,8478,446,113
2022-01-23,3398,500,280,106,7095,7922,421,110
2022-01-24,6016,649,353,119,6550,7292,395,111
2022-01-25,4762,470,347,106,5670,6309,371,109
2022-01-26,4195,420,281,114,4978,5538,350,111
2022-01-27,3633,356,275,81,4491,4999,323,105
2022-01-28,2725,308,206,101,4052,4512,295,102
2022-01-29,513,65,140,83,3606,4001,269,101
2022-01-30,1426,225,144,87,3324,3680,249,99
2022-01-31,3110,279,207,94,2909,3212,229,95
2022-02-01,2240,252,177,76,2549,2821,204,91
2022-02-02,2327,236,162,91,2282,2528,187,88
2022-02-03,2000,185,142,75,2049,2270,168,87
2022-02-04,1540,152,151,53,1879,2079,160,80
2022-02-05,946,154,117,51,1941,2153,157,75
2022-02-06,869,143,106,54,1862,2062,152,71
2022-02-07,1603,187,103,39,1646,1833,137,63
2022-02-08,1515,149,128,57,1543,1715,130,60
2022-02-09,1318,144,114,50,1399,1558,123,54
2022-02-10,1226,123,87,46,1288,1438,115,50
2022-02-11,983,106,106,42,1209,1352,109,48
2022-02-12,635,95,69,33,1164,1299,102,46
2022-02-13,458,76,55,45,1105,1231,95,45
2022-02-14,1017,108,77,23,1022,1136,91,42
2022-02-15,941,110,73,26,940,1049,83,38
2022-02-16,936,70,68,32,885,983,76,35
2022-02-17,833,115,72,40,829,926,74,34
2022-02-18,663,97,61,35,783,879,68,33
2022-02-19,425,72,47,31,753,846,65,33
2022-02-20,383,58,39,16,743,833,62,29
2022-02-21,559,92,38,29,677,765,57,30
2022-02-22,686,91,54,12,641,726,54,28
2022-02-23,705,76,41,18,608,694,50,26
2022-02-24,660,77,43,19,583,663,46,23
2022-02-25,539,37,44,17,565,637,44,20
2022-02-26,337,75,29,6,553,625,41,17
2022-02-27,361,68,29,18,550,623,40,17
2022-02-28,706,100,51,7,571,645,42,14
2022-03-01,611,78,43,20,560,633,40,15
2022-03-02,643,106,42,20,551,628,40,15
2022-03-03,587,84,40,9,541,619,40,14
2022-03-04,461,69,39,13,529,612,39,13
2022-03-05,317,54,26,12,527,606,39,14
2022-03-06,340,71,20,8,524,604,37,13
2022-03-07,656,84,24,10,516,594,33,13
2022-03-08,681,86,23,5,526,606,31,11
2022-03-09,625,110,26,12,524,604,28,10
2022-03-10,699,129,28,10,540,626,27,10
2022-03-11,605,91,22,9,560,650,24,9
2022-03-12,299,57,20,9,558,648,23,9
2022-03-13,435,93,24,9,571,664,24,9
2022-03-14,905,128,32,15,607,706,25,10
2022-03-15,847,110,29,10,631,733,26,11
2022-03-16,871,146,24,8,666,774,26,10
2022-03-17,754,108,28,4,674,778,26,9
2022-03-18,803,144,34,7,702,814,27,9
2022-03-19,448,120,22,5,723,845,28,8
2022-03-20,653,136,26,8,754,882,28,8
2022-03-21,1311,204,27,3,812,951,27,6
2022-03-22,1287,199,30,5,875,1026,27,6
2022-03-23,1266,195,22,4,932,1090,27,5
2022-03-24,1176,197,24,5,992,1163,26,5
2022-03-25,1094,210,37,5,1034,1214,27,5
2022-03-26,678,158,25,4,1066,1252,27,5
2022-03-27,775,162,22,6,1084,1273,27,5
2022-03-28,1515,254,31,4,1113,1309,27,5
2022-03-29,1437,246,29,5,1134,1338,27,5
2022-03-30,1514,245,41,5,1170,1380,30,5
2022-03-31,1509,264,43,3,1217,1437,33,5
2022-04-01,1337,260,34,5,1252,1479,32,5
2022-04-02,877,187,29,2,1281,1512,33,4
2022-04-03,904,231,25,4,1299,1540,33,4
2022-04-04,2157,342,38,5,1391,1644,34,4
2022-04-05,1979,277,48,4,1468,1726,37,4
2022-04-06,2091,307,43,3,1551,1817,37,4
2022-04-07,2008,286,45,2,1622,1892,37,4
2022-04-08,1886,294,47,3,1700,1975,39,3
2022-04-09,1172,259,42,6,1742,2028,41,4
2022-04-10,1189,271,43,8,1783,2074,44,4
2022-04-11,2592,408,57,2,1845,2146,46,4
2022-04-12,2428,345,44,5,1909,2219,46,4
2022-04-13,2608,396,49,3,1983,2306,47,4
2022-04-14,2305,392,48,7,2026,2364,47,5
2022-04-15,2006,372,54,6,2043,2392,48,5
2022-04-16,1205,339,41,4,2048,2408,48,5
2022-04-17,966,297,50,4,2016,2380,49,4
2022-04-18,2350,449,59,3,1981,2351,49,5
2022-04-19,2303,426,62,5,1963,2345,52,5
2022-04-20,2169,404,45,1,1901,2283,51,4
2022-04-21,1996,401,60,4,1856,2240,53,4
2022-04-22,1817,440,85,7,1829,2223,57,4
2022-04-23,1411,393,56,3,1859,2260,60,4
2022-04-24,1464,413,49,4,1930,2348,59,4
2022-04-25,2918,662,66,4,2011,2460,60,4
2022-04-26,2952,541,71,7,2104,2569,62,4
2022-04-27,2790,523,88,4,2193,2674,68,5
2022-04-28,2668,502,77,5,2289,2785,70,5
2022-04-29,2786,489,77,4,2427,2930,69,4
2022-04-30,1619,445,70,5,2457,2967,71,5
2022-05-01,1878,490,62,4,2516,3038,73,5
2022-05-02,3896,698,68,6,2656,3182,73,5
2022-05-03,3779,738,90,6,2774,3329,76,5
2022-05-04,3719,761,86,4,2906,3495,76,5
2022-05-05,3572,717,102,5,3036,3655,79,5
2022-05-06,3084,620,87,6,3078,3717,81,5
2022-05-07,1854,511,77,7,3112,3760,82,5
2022-05-08,1975,571,67,6,3126,3785,82,6
2022-05-09,4354,967,101,8,3191,3889,87,6
2022-05-10,4045,815,103,3,3229,3938,89,6
2022-05-11,4085,839,103,11,3281,4001,91,7
2022-05-12,3999,747,98,11,3342,4067,91,7
2022-05-13,3533,743,123,4,3406,4148,96,7
2022-05-14,2434,659,105,13,3489,4252,100,8
2022-05-15,2240,727,84,11,3527,4312,102,9
2022-05-16,4510,1076,123,7,3549,4350,106,9
2022-05-17,4154,932,122,7,3565,4383,108,9
2022-05-18,4256,976,108,8,3589,4427,109,9
2022-05-19,3754,787,77,5,3554,4397,106,8
2022-05-20,3438,745,128,10,3541,4384,107,9
2022-05-21,2454,596,132,14,3544,4378,111,9
2022-05-22,2332,677,111,6,3557,4384,114,8
2022-05-23,4704,988,134,12,3585,4399,116,9
2022-05-24,3958,859,108,14,3557,4361,114,10
2022-05-25,3885,778,133,11,3504,4279,118,10
2022-05-26,3306,721,117,6,3440,4206,123,10
2022-05-27,2964,256,90,8,3372,4068,118,10
2022-05-28,2006,209,70,8,3308,3949,109,9
2022-05-29,1788,502,87,13,3230,3846,106,10
2022-05-30,1725,503,95,5,2805,3351,100,9
2022-05-31,4285,862,120,8,2851,3399,102,8
2022-06-01,3608,742,105,10,2812,3354,98,8
2022-06-02,3200,596,115,13,2797,3321,97,9
2022-06-03,2803,561,94,10,2774,3341,98,10
2022-06-04,1774,472,65,10,2740,3346,97,10
2022-06-05,1668,512,78,12,2723,3330,96,10
2022-06-06,3327,672,117,15,2952,3583,99,11
2022-06-07,2913,596,90,9,2756,3349,95,11
2022-06-08,2922,601,123,16,2658,3231,97,12
2022-06-09,2537,556,114,11,2563,3131,97,12
2022-06-10,2416,500,102,12,2508,3067,98,12
2022-06-11,1460,408,89,13,2463,3013,102,13
2022-06-12,1512,399,78,13,2441,2974,102,13
2022-06-13,3127,632,122,6,2412,2940,103,11
2022-06-14,2868,583,116,5,2406,2932,106,11
2022-06-15,2834,669,130,6,2393,2929,107,9
2022-06-16,2469,530,128,13,2384,2915,109,10
2022-06-17,2445,518,109,8,2388,2922,110,9
2022-06-18,1804,494,83,7,2437,2983,109,8
2022-06-19,1577,450,95,3,2446,3000,112,7
2022-06-20,2444,660,117,10,2349,2906,111,7
2022-06-21,3667,674,137,11,2463,3034,114,8
2022-06-22,3297,606,137,8,2529,3091,115,9
2022-06-23,2946,646,115,10,2597,3175,113,8
2022-06-24,2817,613,147,14,2650,3242,119,9
2022-06-25,2066,499,102,12,2688,3280,121,10
2022-06-26,2060,542,119,8,2757,3362,125,10
2022-06-27,3796,898,136,13,2950,3590,128,11
2022-06-28,3633,734,125,11,2945,3593,126,11
2022-06-29,3605,803,142,10,2989,3665,127,11
2022-06-30,3150,729,162,9,3018,3706,133,11
2022-07-01,3112,828,140,9,3060,3779,132,10
2022-07-02,2216,645,120,10,3082,3822,135,10
2022-07-03,2213,665,129,14,3104,3861,136,11
2022-07-04,1737,588,119,13,2809,3523,134,11
2022-07-05,5234,1069,170,11,3038,3799,140,11
2022-07-06,4358,954,185,5,3146,3928,146,10
2022-07-07,4239,924,191,8,3301,4112,151,10
2022-07-08,3815,917,165,5,3402,4225,154,9
2022-07-09,2550,697,141,15,3449,4280,157,10
2022-07-10,2455,748,149,7,3484,4326,160,9
2022-07-11,4991,1028,206,7,3949,4854,172,8
2022-07-12,4248,937,200,14,3808,4694,177,9
2022-07-13,3980,973,184,13,3754,4643,177,10
2022-07-14,3909,899,179,15,3707,4592,175,11
2022-07-15,3747,828,188,12,3697,4570,178,12
2022-07-16,2362,657,157,7,3670,4537,180,11
2022-07-17,2390,706,156,19,3661,4522,181,12
2022-07-18,4370,1006,206,14,3572,4430,181,13
2022-07-19,4080,977,195,12,3548,4412,181,13
2022-07-20,3842,923,194,15,3529,4385,182,13
2022-07-21,3437,804,190,16,3461,4304,184,14
2022-07-22,3216,862,156,19,3385,4233,179,15
2022-07-23,2180,716,147,21,3359,4216,178,17
2022-07-24,2033,676,128,17,3308,4160,174,16
2022-07-25,4291,934,201,18,3297,4139,173,17
2022-07-26,3890,897,166,13,3270,4100,169,17
2022-07-27,3661,872,174,15,3244,4067,166,17
2022-07-28,3227,716,143,14,3214,4024,159,17
2022-07-29,2910,696,149,16,3170,3957,158,16
2022-07-30,1821,564,133,16,3119,3884,156,16
2022-07-31,1937,631,139,13,3105,3864,158,15
2022-08-01,3859,898,165,14,3044,3797,153,14
2022-08-02,3544,794,163,15,2994,3733,152,15
2022-08-03,3199,389,173,10,2928,3598,152,14
2022-08-04,2964,676,154,14,2891,3555,154,14
2022-08-05,2728,605,177,16,2865,3516,158,14
2022-08-06,1680,521,115,17,2844,3489,155,14
2022-08-07,1618,453,121,16,2799,3418,153,15
2022-08-08,3371,802,159,19,2729,3335,152,15
2022-08-09,2730,649,165,20,2613,3198,152,16
2022-08-10,2559,708,155,10,2521,3152,149,16
2022-08-11,2315,632,153,9,2429,3053,149,15
2022-08-12,2017,584,144,12,2327,2948,145,15
2022-08-13,1295,426,93,15,2272,2880,141,14
2022-08-14,1331,420,108,14,2231,2834,140,14
2022-08-15,2680,636,145,12,2132,2712,138,13
2022-08-16,2379,586,141,14,2082,2653,134,12
2022-08-17,2209,554,144,19,2032,2581,133,14
2022-08-18,2111,536,128,15,2003,2538,129,14
2022-08-19,1935,524,123,10,1991,2517,126,14
2022-08-20,1264,406,109,21,1987,2510,128,15
2022-08-21,1266,423,102,14,1978,2501,127,15
2022-08-22,2290,596,147,16,1922,2440,128,16
2022-08-23,2049,538,128,11,1875,2386,126,15
2022-08-24,1914,531,140,16,1833,2340,125,15
2022-08-25,1855,475,123,12,1796,2295,125,14
2022-08-26,1695,400,133,18,1762,2243,126,15
2022-08-27,1118,305,106,13,1741,2208,126,14
2022-08-28,1116,338,91,14,1720,2174,124,14
2022-08-29,2187,574,144,4,1705,2156,124,13
2022-08-30,1859,463,138,14,1678,2119,125,13
2022-08-31,1838,473,100,12,1667,2099,119,12
2022-09-01,1659,451,110,11,1639,2068,117,12
2022-09-02,1483,378,117,12,1609,2035,115,11
2022-09-03,927,308,85,9,1581,2008,112,11
2022-09-04,960,330,78,18,1559,1984,110,11
2022-09-05,993,318,92,10,1388,1777,103,12
2022-09-06,2042,476,117,8,1415,1805,100,11
2022-09-07,1802,427,103,11,1409,1793,100,11
2022-09-08,1638,412,108,13,1406,1785,100,12
2022-09-09,1512,374,99,12,1411,1788,97,12
2022-09-10,1024,338,90,9,1424,1807,98,12
2022-09-11,945,303,96,10,1422,1801,101,10
2022-09-12,2068,518,114,9,1576,1983,104,10
2022-09-13,1730,453,124,13,1531,1935,105,11
2022-09-14,1823,489,118,9,1534,1947,107,11
2022-09-15,1655,436,108,13,1537,1953,107,11
2022-09-16,1606,418,86,19,1550,1972,105,12
2022-09-17,1087,321,82,10,1559,1979,104,12
2022-09-18,1159,362,93,14,1590,2018,104,12
2022-09-19,2435,627,92,11,1642,2086,100,13
2022-09-20,2232,535,124,8,1714,2169,100,12
2022-09-21,2042,543,122,14,1745,2208,101,13
2022-09-22,1651,408,103,10,1745,2204,100,12
2022-09-23,1513,404,118,7,1731,2188,105,11
2022-09-24,992,286,89,4,1718,2170,106,10
2022-09-25,1060,305,118,6,1704,2148,109,9
2022-09-26,2029,527,137,8,1646,2075,116,8
2022-09-27,1899,493,134,9,1598,2022,117,8
2022-09-28,2041,491,135,6,1598,2014,119,7
2022-09-29,1848,443,111,11,1626,2047,120,7
2022-09-30,1577,387,125,16,1635,2054,121,9
2022-10-01,890,261,106,7,1621,2036,124,9
2022-10-02,951,300,107,8,1605,2020,122,9
2022-10-03,1958,470,124,9,1595,2001,120,9
2022-10-04,1628,372,147,6,1556,1945,122,9
2022-10-05,1500,447,139,15,1479,1862,123,10
2022-10-06,1891,419,131,14,1485,1864,126,11
2022-10-07,1585,400,124,12,1486,1867,125,10
2022-10-08,957,339,90,13,1496,1888,123,11
2022-10-09,977,307,86,12,1499,1893,120,12
2022-10-10,1674,448,110,15,1459,1849,118,12
2022-10-11,1994,522,99,17,1511,1923,111,14
2022-10-12,1954,523,107,8,1576,1999,107,13
2022-10-13,1835,460,125,14,1568,1996,106,13
2022-10-14,1636,438,117,13,1575,2009,105,13
2022-10-15,1029,352,102,7,1586,2021,107,12
2022-10-16,997,397,75,9,1588,2037,105,12
2022-10-17,2076,582,108,18,1646,2114,105,12
2022-10-18,1859,562,115,11,1627,2100,107,11
2022-10-19,1852,504,147,13,1612,2083,113,12
2022-10-20,1635,471,137,10,1583,2056,114,12
2022-10-21,1563,380,121,16,1573,2037,115,12
2022-10-22,1153,305,120,8,1591,2048,118,12
2022-10-23,1110,419,110,20,1607,2067,123,14
2022-10-24,2332,641,137,22,1643,2112,127,14
2022-10-25,2245,589,144,20,1699,2171,131,16
2022-10-26,2255,570,152,16,1756,2238,132,16
2022-10-27,1973,484,117,13,1804,2288,129,16
2022-10-28,1759,443,118,14,1832,2325,128,16
2022-10-29,1147,339,95,12,1832,2329,125,17
2022-10-30,1221,384,129,12,1847,2340,127,16
2022-10-31,2434,655,158,15,1862,2357,130,15
2022-11-01,2290,631,155,15,1868,2369,132,14
2022-11-02,2438,703,157,18,1895,2414,133,14
2022-11-03,2308,704,143,15,1942,2494,136,14
2022-11-04,2171,609,130,7,2001,2576,138,13
2022-11-05,1400,465,127,17,2037,2630,143,14
2022-11-06,1444,505,105,14,2069,2680,139,14
2022-11-07,2841,814,148,13,2127,2760,138,14
2022-11-08,2298,570,156,16,2129,2753,138,14
2022-11-09,2282,599,123,20,2106,2716,133,15
2022-11-10,2012,608,155,12,2064,2660,135,14
2022-11-11,1627,389,155,25,1986,2551,138,17
2022-11-12,1541,513,117,18,2006,2578,137,17
2022-11-13,1375,488,114,11,1997,2565,138,16
2022-11-14,2965,761,170,16,2014,2575,141,17
2022-11-15,2390,595,147,19,2027,2592,140,17
2022-11-16,2329,653,152,18,2034,2607,144,17
2022-11-17,1893,670,156,13,2017,2598,144,17
2022-11-18,1569,263,128,15,2009,2572,141,16
2022-11-19,1164,397,91,19,1955,2502,137,16
2022-11-20,1339,557,138,19,1950,2506,140,17
2022-11-21,3010,760,171,18,1956,2513,140,17
2022-11-22,2701,568,157,17,2001,2553,142,17
2022-11-23,2701,798,173,14,2054,2627,145,16
2022-11-24,1007,349,134,21,1927,2455,142,18
2022-11-25,2273,341,184,16,2028,2566,150,18
2022-11-26,2040,597,174,10,2153,2720,162,16
2022-11-27,2024,287,191,12,2251,2779,169,15
2022-11-28,4784,1194,208,20,2504,3095,174,16
2022-11-29,3886,944,205,18,2674,3318,181,16
2022-11-30,3216,826,231,19,2747,3395,190,17
2022-12-01,3080,867,191,19,3043,3766,198,16
2022-12-02,2974,359,198,16,3143,3868,200,16
2022-12-03,1662,561,193,25,3089,3809,202,18
2022-12-04,1838,857,160,12,3063,3864,198,18
2022-12-05,4103,1088,220,20,2966,3752,200,18
2022-12-06,3306,973,202,24,2883,3673,199,19
2022-12-07,3424,909,226,16,2912,3714,199,19
2022-12-08,3147,937,195,23,2922,3734,199,19
2022-12-09,2977,799,187,20,2922,3797,198,20
2022-12-10,1729,630,179,20,2932,3817,196,19
2022-12-11,1685,641,153,31,2910,3764,195,22
2022-12-12,4072,1084,209,23,2906,3759,193,22
2022-12-13,3635,964,228,19,2953,3805,197,22
2022-12-14,3412,926,228,28,2951,3805,197,23
2022-12-15,2967,856,210,29,2925,3768,199,24
2022-12-16,2661,755,229,21,2880,3717,205,24
2022-12-17,2026,686,162,21,2923,3767,203,25
2022-12-18,1867,736,179,29,2949,3807,206,24
2022-12-19,3943,1044,227,19,2930,3783,209,24
2022-12-20,3445,1014,195,29,2903,3763,204,25
2022-12-21,3341,900,213,25,2893,3749,202,25
2022-12-22,2841,784,216,22,2875,3720,203,24
2022-12-23,2407,779,194,30,2839,3688,198,25
2022-12-24,1027,422,140,25,2696,3507,195,26
2022-12-25,846,308,163,28,2550,3300,193,25
2022-12-26,2323,969,191,29,2319,3058,187,27
2022-12-27,3473,988,232,32,2323,3058,193,27
2022-12-28,3175,917,250,34,2299,3037,198,29
2022-12-29,3085,806,231,29,2334,3075,200,30
2022-12-30,2701,784,251,33,2376,3118,208,30
2022-12-31,1456,566,193,23,2437,3200,216,30
2023-01-01,1141,452,218,30,2479,3262,224,30
2023-01-02,2817,986,192,22,2550,3335,224,29
2023-01-03,3806,992,241,27,2597,3383,225,28
2023-01-04,3354,940,206,25,2623,3412,219,27
2023-01-05,2891,838,232,26,2595,3389,219,27
2023-01-06,2482,746,187,42,2564,3352,210,28
2023-01-07,1458,480,166,22,2564,3340,206,28
2023-01-08,1341,528,142,18,2593,3380,195,26
2023-01-09,2873,740,203,29,2601,3353,197,27
2023-01-10,2449,630,182,19,2407,3107,188,26
2023-01-11,2215,562,173,17,2244,2890,184,25
2023-01-12,2081,591,146,18,2128,2739,171,24
2023-01-13,1854,538,174,23,2039,2620,169,21
2023-01-14,1118,382,135,27,1990,2557,165,22
2023-01-15,1035,393,101,19,1946,2494,159,22
2023-01-16,1717,541,151,19,1781,2301,152,20
2023-01-17,2453,663,165,22,1782,2306,149,21
2023-01-18,1817,545,161,15,1725,2247,148,20
2023-01-19,1723,440,138,14,1674,2174,146,20
2023-01-20,1685,460,135,23,1650,2139,141,20
2023-01-21,1000,337,113,25,1633,2116,138,20
2023-01-22,949,397,107,23,1621,2104,139,20
2023-01-23,1996,550,148,20,1660,2145,138,20
2023-01-24,1803,488,113,30,1568,2027,131,21
2023-01-25,1505,447,119,22,1523,1969,125,22
2023-01-26,1555,390,112,16,1499,1937,121,23
2023-01-27,1415,393,103,15,1460,1889,116,22
2023-01-28,841,301,107,15,1438,1861,116,20
2023-01-29,740,294,91,20,1408,1817,113,20
2023-01-30,1934,465,130,17,1399,1796,111,19
2023-01-31,1571,385,116,19,1366,1748,111,18
2023-02-01,1306,316,100,20,1337,1701,108,17
2023-02-02,1207,371,104,18,1288,1648,107,18
2023-02-03,990,263,103,16,1227,1569,107,18
2023-02-04,492,173,83,21,1177,1501,104,19
2023-02-05,595,266,94,18,1156,1476,104,18
2023-02-06,1547,388,113,11,1101,1410,102,18
2023-02-07,1233,283,103,13,1053,1347,100,17
2023-02-08,1073,293,81,10,1020,1311,97,15
2023-02-09,988,283,93,15,988,1267,96,15
2023-02-10,898,215,88,18,975,1247,94,15
2023-02-11,544,171,72,16,983,1254,92,14
2023-02-12,511,216,64,10,971,1235,88,13
2023-02-13,1180,309,102,7,918,1171,86,13
2023-02-14,921,242,56,13,874,1121,79,13
2023-02-15,881,238,81,15,846,1085,79,13
2023-02-16,863,244,84,9,828,1062,78,13
2023-02-17,614,151,66,20,788,1012,75,13
2023-02-18,426,173,59,11,771,996,73,12
2023-02-19,383,157,58,10,753,969,72,12
2023-02-20,600,199,77,14,670,870,69,13
2023-02-21,785,219,56,12,650,848,69,13
2023-02-22,650,158,57,8,617,803,65,12
2023-02-23,678,178,47,4,591,767,60,11
2023-02-24,536,162,58,6,580,758,59,9
2023-02-25,331,116,45,7,566,736,57,9
2023-02-26,351,134,36,6,562,728,54,8
2023-02-27,790,195,42,8,589,755,49,7
2023-02-28,538,123,35,5,553,706,46,6
2023-03-01,526,186,38,5,536,692,43,6
2023-03-02,517,139,37,8,513,663,42,6
2023-03-03,439,105,45,9,499,641,40,7
2023-03-04,269,81,33,6,490,628,38,7
2023-03-05,220,84,23,7,471,602,36,7
2023-03-06,600,137,48,6,444,566,37,7
2023-03-07,470,109,40,7,434,555,38,7
2023-03-08,479,131,41,8,428,540,38,7
2023-03-09,422,121,33,7,414,524,38,7
2023-03-10,367,95,34,7,404,512,36,7
2023-03-11,245,28,30,11,400,501,36,8
2023-03-12,215,89,20,7,400,501,35,8
2023-03-13,508,143,35,4,387,489,33,7
2023-03-14,392,99,22,6,375,476,31,7
2023-03-15,556,119,21,5,386,486,28,7
2023-03-16,415,124,30,5,385,485,27,6
2023-03-17,326,94,30,3,380,479,27,6
2023-03-18,207,78,26,4,374,481,26,5
2023-03-19,177,97,27,5,369,476,27,5
2023-03-20,482,112,23,4,365,468,26,5
2023-03-21,424,120,32,5,370,476,27,4
2023-03-22,402,102,20,2,348,451,27,4
2023-03-23,393,95,32,6,344,444,27,4
2023-03-24,385,100,26,5,353,453,27,4
2023-03-25,196,72,26,5,351,451,27,5
2023-03-26,214,71,20,7,357,453,26,5
2023-03-27,445,119,27,7,351,448,26,5
2023-03-28,414,122,33,4,350,447,26,5
2023-03-29,352,94,36,6,343,439,29,6
2023-03-30,409,98,31,6,345,442,28,6
2023-03-31,350,94,29,5,340,436,29,6
2023-04-01,171,65,22,4,336,431,28,6
2023-04-02,205,87,18,2,335,432,28,5
2023-04-03,345,100,29,4,321,415,28,4
2023-04-04,326,106,40,0,308,400,29,4
2023-04-05,257,82,30,4,295,385,28,4
2023-04-06,224,74,29,3,268,355,28,3
2023-04-07,204,53,20,2,247,328,27,3
2023-04-08,145,58,15,2,244,324,26,2
2023-04-09,113,53,12,0,231,306,25,2
2023-04-10,312,85,32,1,226,299,25,2
2023-04-11,270,77,36,3,218,287,25,2
2023-04-12,195,77,30,4,209,277,25,2
2023-04-13,219,75,28,2,208,277,25,2
2023-04-14,220,65,22,1,211,281,25,2
2023-04-15,136,57,26,2,209,279,27,2
2023-04-16,151,68,22,3,215,287,28,2
2023-04-17,355,117,33,2,221,297,28,2
2023-04-18,270,74,21,2,221,297,26,2
2023-04-19,245,94,20,3,228,307,25,2
2023-04-20,231,63,21,2,230,307,24,2
2023-04-21,173,59,23,3,223,299,24,2
2023-04-22,122,66,17,1,221,298,22,2
2023-04-23,126,56,18,0,217,293,22,2
2023-04-24,334,102,29,2,214,288,21,2
2023-04-25,253,90,22,1,212,288,21,2
2023-04-26,195,96,24,3,205,281,22,2
2023-04-27,229,72,25,2,205,282,23,2
2023-04-28,274,62,20,3,219,297,22,2
2023-04-29,126,43,14,0,220,294,22,2
2023-04-30,98,53,13,2,216,290,21,2
2023-05-01,256,104,27,2,204,279,21,2
2023-05-02,237,102,16,0,202,278,20,2
2023-05-03,220,95,23,1,206,282,20,1
2023-05-04,219,81,18,1,204,281,19,1
2023-05-05,184,82,17,1,191,271,18,1
2023-05-06,97,70,15,1,187,271,18,1
2023-05-07,148,55,24,1,194,279,20,1
2023-05-08,246,99,25,1,193,276,20,1
2023-05-09,220,94,26,0,191,273,21,1
2023-05-10,243,49,19,2,194,270,21,1
2023-05-11,235,118,33,0,196,277,23,1
2023-05-12,170,87,22,1,194,276,23,1
2023-05-13,117,63,20,1,197,278,24,1
2023-05-14,133,87,17,2,195,280,23,1
2023-05-15,253,133,19,0,196,286,22,1
2023-05-16,241,96,19,1,199,289,21,1
2023-05-17,211,80,23,0,194,289,22,1
2023-05-18,216,118,25,0,192,286,21,1
2023-05-19,186,81,27,0,194,288,21,1
2023-05-20,118,52,20,0,194,286,21,0
2023-05-21,132,66,14,2,194,283,21,0
2023-05-22,259,125,37,0,195,283,24,0
2023-05-23,226,106,24,3,193,282,24,1
2023-05-24,269,113,26,2,201,295,25,1
2023-05-25,183,96,22,2,196,287,24,1
2023-05-26,155,74,18,1,192,282,23,1
2023-05-27,111,76,15,0,191,284,22,1
2023-05-28,139,63,24,0,192,285,24,1
2023-05-29,135,86,24,2,174,262,22,1
2023-05-30,311,131,19,2,186,277,21,1
2023-05-31,262,123,23,2,185,278,21,1
2023-06-01,261,119,33,1,196,292,22,1
2023-06-02,195,101,25,1,202,302,23,1
2023-06-03,146,75,21,0,207,307,24,1
2023-06-04,135,70,20,0,206,307,24,1
2023-06-05,252,114,29,3,223,328,24,1
2023-06-06,219,102,20,1,210,311,24,1
2023-06-07,190,80,28,1,200,294,25,1
2023-06-08,180,78,17,1,188,277,23,1
2023-06-09,179,116,30,1,186,277,24,1
2023-06-10,136,60,27,0,184,273,24,1
2023-06-11,134,89,17,1,184,276,24,1
2023-06-12,234,112,26,0,182,273,24,1
2023-06-13,251,101,32,1,186,277,25,1
2023-06-14,194,109,22,2,187,282,24,1
2023-06-15,204,76,15,1,190,285,24,1
2023-06-16,156,89,13,0,187,278,22,1
2023-06-17,126,59,25,0,186,276,21,1
2023-06-18,108,55,16,0,182,268,21,1
2023-06-19,166,89,21,1,172,255,21,1
2023-06-20,213,103,29,1,167,250,20,1
2023-06-21,181,88,18,1,165,245,20,1
2023-06-22,181,89,14,0,162,243,19,0
2023-06-23,160,91,21,0,162,244,21,0
2023-06-24,98,68,18,0,158,241,20,0
2023-06-25,108,47,17,1,158,240,20,1
2023-06-26,200,112,18,2,163,248,19,1
2023-06-27,220,88,17,1,164,247,18,1
2023-06-28,177,94,19,1,163,248,18,1
2023-06-29,156,90,16,4,160,244,18,1
2023-06-30,168,107,18,2,161,248,18,2
2023-07-01,111,94,14,1,163,253,17,2
2023-07-02,128,61,26,1,166,258,18,2
2023-07-03,169,102,21,1,161,252,19,2
2023-07-04,104,56,12,0,145,231,18,1
2023-07-05,220,119,25,3,151,241,19,2
2023-07-06,196,98,23,3,157,248,20,2
2023-07-07,165,99,24,1,156,246,21,1
2023-07-08,137,78,17,3,160,247,21,2
2023-07-09,112,85,13,0,158,249,19,2
2023-07-10,312,133,29,2,178,273,20,2
2023-07-11,308,119,14,1,207,312,21,2
2023-07-12,236,143,23,1,209,317,20,2
2023-07-13,409,136,22,0,240,353,20,1
2023-07-14,308,117,30,0,260,376,21,1
2023-07-15,147,98,16,1,262,380,21,1
2023-07-16,151,102,27,1,267,388,23,1
2023-07-17,318,176,29,0,268,395,23,1
2023-07-18,273,174,31,0,263,398,25,0
2023-07-19,308,180,32,0,273,414,27,0
2023-07-20,268,189,35,0,253,401,29,0
2023-07-21,309,137,31,1,253,404,29,0
2023-07-22,185,115,32,1,259,412,31,0
2023-07-23,251,144,23,1,273,432,30,0
2023-07-24,444,285,34,3,291,466,31,1
2023-07-25,375,235,36,1,306,489,32,1
2023-07-26,384,201,36,2,317,503,32,1
2023-07-27,394,217,35,0,335,525,32,1
2023-07-28,381,211,33,1,345,546,33,1
2023-07-29,287,203,32,1,359,573,33,1
2023-07-30,300,227,41,3,366,592,35,2
2023-07-31,566,318,56,0,384,614,38,1
2023-08-01,503,283,38,0,402,639,39,1
2023-08-02,480,313,44,0,416,669,40,1
2023-08-03,560,309,59,1,440,706,43,1
2023-08-04,501,318,49,2,457,738,46,1
2023-08-05,401,267,50,2,473,764,48,1
2023-08-06,365,290,45,0,482,782,49,1
2023-08-07,706,422,59,1,502,817,49,1
2023-08-08,735,437,66,1,535,872,53,1
2023-08-09,674,414,39,1,563,914,52,1
2023-08-10,671,363,60,3,579,938,53,1
2023-08-11,655,341,62,0,601,963,54,1
2023-08-12,460,293,48,3,609,975,54,1
2023-08-13,444,295,45,2,621,987,54,2
2023-08-14,830,495,68,5,638,1015,55,2
2023-08-15,790,460,69,2,646,1026,56,2
2023-08-16,746,465,52,1,657,1044,58,2
2023-08-17,650,395,60,2,654,1046,58,2
2023-08-18,679,345,78,1,657,1050,60,2
2023-08-19,498,286,56,5,662,1054,61,3
2023-08-20,465,345,63,2,665,1064,64,3
2023-08-21,949,537,61,2,682,1087,63,2
2023-08-22,856,473,59,4,692,1098,61,2
2023-08-23,856,471,87,1,708,1115,66,2
2023-08-24,813,441,56,2,731,1145,66,2
2023-08-25,715,385,68,2,736,1156,64,3
2023-08-26,517,317,54,6,739,1163,64,3
2023-08-27,620,378,58,5,761,1190,63,3
2023-08-28,980,558,70,4,765,1197,65,3
2023-08-29,927,436,74,2,775,1202,67,3
2023-08-30,902,465,84,2,782,1208,66,3
2023-08-31,805,473,56,1,781,1211,66,3
2023-09-01,739,422,69,4,784,1220,66,3
2023-09-02,547,341,74,5,789,1228,69,3
2023-09-03,634,345,60,1,791,1225,70,3
2023-09-04,673,376,76,2,747,1155,70,2
2023-09-05,1235,666,100,4,791,1232,74,3
2023-09-06,1066,592,84,3,814,1273,74,3
2023-09-07,952,547,89,3,835,1305,79,3
2023-09-08,893,505,87,3,857,1339,81,3
2023-09-09,605,379,74,3,865,1353,81,3
2023-09-10,627,337,73,2,864,1350,83,3
2023-09-11,1043,564,81,7,917,1430,84,4
2023-09-12,1045,542,70,5,890,1385,80,4
2023-09-13,1020,540,71,3,884,1371,78,4
2023-09-14,971,526,78,2,886,1371,76,4
2023-09-15,865,487,59,6,882,1364,72,4
2023-09-16,671,366,74,5,892,1372,72,4
2023-09-17,645,414,72,3,894,1386,72,4
2023-09-18,1277,659,84,8,928,1433,73,5
2023-09-19,1196,575,79,5,949,1459,74,5
2023-09-20,1154,557,96,5,968,1480,77,5
2023-09-21,1057,531,80,7,981,1493,78,6
2023-09-22,916,527,74,2,988,1506,80,5
2023-09-23,562,346,72,3,972,1488,80,5
2023-09-24,640,393,72,3,972,1484,80,5
2023-09-25,1066,558,93,3,942,1440,81,4
2023-09-26,1100,534,84,4,928,1420,82,4
2023-09-27,995,495,72,7,905,1389,78,4
2023-09-28,888,442,74,3,881,1352,77,4
2023-09-29,547,211,74,5,828,1254,77,4
2023-09-30,462,272,71,3,814,1229,77,4
2023-10-01,494,321,64,4,793,1198,76,4
2023-10-02,958,407,86,3,778,1161,75,4
2023-10-03,831,458,81,6,739,1112,75,4
2023-10-04,776,387,63,5,708,1065,73,4
2023-10-05,685,328,58,2,679,1020,71,4
2023-10-06,531,292,54,3,677,1029,68,4
2023-10-07,357,189,49,2,662,1002,65,4
2023-10-08,356,211,48,7,642,967,63,4
2023-10-09,625,304,62,6,594,904,59,4
2023-10-10,598,295,45,5,561,848,54,4
2023-10-11,542,299,57,6,528,802,53,4
2023-10-12,572,282,54,3,512,779,53,5
2023-10-13,443,206,50,4,499,754,52,5
2023-10-14,256,150,46,4,485,734,52,5
2023-10-15,333,168,52,2,481,725,52,4
2023-10-16,590,273,53,7,476,715,51,4
2023-10-17,503,257,42,4,463,696,51,4
2023-10-18,504,241,64,4,457,683,52,4
2023-10-19,479,264,57,1,444,667,52,4
2023-10-20,427,163,64,2,442,658,54,3
2023-10-21,291,155,47,4,447,664,54,3
2023-10-22,257,156,40,1,436,651,52,3
2023-10-23,532,249,47,2,428,640,52,3
2023-10-24,456,228,57,1,421,629,54,2
2023-10-25,442,261,50,6,412,623,52,2
2023-10-26,376,220,54,3,397,602,51,3
2023-10-27,328,208,45,7,383,594,49,3
2023-10-28,255,154,49,3,378,589,49,3
2023-10-29,218,140,34,3,372,581,48,4
2023-10-30,395,251,37,1,353,562,47,3
2023-10-31,335,188,41,4,336,539,44,4
2023-11-01,332,183,31,3,320,512,42,3
2023-11-02,315,186,21,2,311,498,37,3
2023-11-03,283,176,44,5,305,487,37,3
2023-11-04,201,152,26,2,297,479,33,3
2023-11-05,216,178,37,1,297,484,34,3
2023-11-06,403,265,34,5,298,488,33,3
2023-11-07,382,208,45,1,305,497,34,3
2023-11-08,365,247,47,4,309,511,36,3
2023-11-09,385,226,32,3,319,527,38,3
2023-11-10,336,194,42,3,327,537,38,3
2023-11-11,203,181,23,2,327,541,37,3
2023-11-12,255,181,30,3,333,547,36,3
2023-11-13,440,286,32,2,338,556,36,3
2023-11-14,405,282,37,4,341,569,35,3
2023-11-15,418,309,43,3,349,586,34,3
2023-11-16,428,231,46,1,355,593,36,3
2023-11-17,431,258,42,1,369,615,36,2
2023-11-18,277,203,45,2,379,629,39,2
2023-11-19,302,278,41,1,386,650,41,2
2023-11-20,582,373,50,1,406,682,43,2
2023-11-21,482,307,55,0,417,697,46,1
2023-11-22,463,331,37,1,424,707,45,1
2023-11-23,210,154,38,4,392,664,44,1
2023-11-24,422,303,60,6,391,670,47,2
2023-11-25,323,295,50,3,398,689,47,2
2023-11-26,415,301,54,4,414,709,49,3
2023-11-27,798,491,65,5,445,756,51,3
2023-11-28,637,447,55,1,467,799,51,3
2023-11-29,595,417,55,2,486,830,54,4
2023-11-30,602,360,55,6,542,915,56,4
2023-12-01,533,261,65,1,558,925,57,3
2023-12-02,405,255,55,7,569,931,58,4
2023-12-03,409,247,55,5,568,922,58,4
2023-12-04,789,468,69,2,567,918,58,3
2023-12-05,772,417,65,4,586,933,60,4
2023-12-06,696,446,80,2,601,951,63,4
2023-12-07,729,377,58,3,619,972,64,3
2023-12-08,705,393,61,4,644,1015,63,4
2023-12-09,520,357,71,4,660,1046,66,3
2023-12-10,528,386,63,1,677,1083,67,3
2023-12-11,1095,663,65,5,721,1155,66,3
2023-12-12,1038,610,93,6,759,1220,70,4
2023-12-13,1036,625,77,3,807,1295,70,4
2023-12-14,987,597,84,1,844,1363,73,3
2023-12-15,948,583,103,4,879,1425,79,3
2023-12-16,743,492,105,5,911,1476,84,4
2023-12-17,830,565,97,6,954,1545,89,4
2023-12-18,1533,1025,99,7,1016,1659,94,5
2023-12-19,1480,339,130,3,1080,1683,99,4
2023-12-20,1451,937,124,6,1139,1787,106,5
2023-12-21,1367,912,108,8,1193,1886,109,6
2023-12-22,1190,735,89,6,1228,1943,107,6
2023-12-23,917,741,110,4,1253,2003,108,6
2023-12-24,827,507,114,4,1252,1994,111,5
2023-12-25,850,469,120,4,1155,1817,114,5
2023-12-26,1975,1213,160,5,1225,2013,118,5
2023-12-27,1926,1096,141,9,1293,2104,120,6
2023-12-28,1825,1088,171,3,1359,2194,129,5
2023-12-29,1690,1027,169,4,1430,2307,141,5
2023-12-30,1252,752,146,5,1478,2357,146,5
2023-12-31,1012,623,119,3,1504,2400,147,5
2024-01-01,1064,488,142,12,1535,2433,150,6
2024-01-02,2186,1147,180,13,1565,2454,153,7
2024-01-03,2068,1028,164,11,1585,2464,156,7
2024-01-04,2008,1056,178,15,1611,2486,157,9
2024-01-05,1710,954,154,4,1614,2478,155,9
2024-01-06,1023,696,132,7,1582,2438,153,9
2024-01-07,1008,611,119,13,1581,2435,153,11
2024-01-08,2014,1040,168,4,1717,2650,156,10
2024-01-09,1649,869,148,10,1640,2533,152,9
2024-01-10,1590,827,139,12,1572,2436,148,9
2024-01-11,1538,741,160,7,1505,2324,146,8
2024-01-12,1371,685,167,8,1456,2237,148,9
2024-01-13,871,441,136,13,1434,2179,148,10
2024-01-14,785,489,111,7,1403,2130,147,9
2024-01-15,1168,682,129,13,1282,1958,141,10
2024-01-16,1250,595,116,14,1225,1862,137,11
2024-01-17,1150,609,108,14,1162,1768,132,11
2024-01-18,1080,560,107,11,1096,1677,125,11
2024-01-19,912,468,115,9,1031,1580,117,12
2024-01-20,618,362,92,18,995,1533,111,12
2024-01-21,631,396,90,7,973,1497,108,12
2024-01-22,1254,615,120,9,985,1500,107,12
2024-01-23,1123,541,107,14,967,1474,106,12
2024-01-24,999,506,109,9,945,1438,106,11
2024-01-25,948,510,89,7,926,1412,103,10
2024-01-26,846,427,93,6,917,1397,100,10
2024-01-27,578,325,80,11,911,1386,98,9
2024-01-28,513,278,84,8,894,1352,97,9
2024-01-29,1029,520,109,11,862,1306,96,9
2024-01-30,882,442,99,7,828,1258,95,8
2024-01-31,790,407,81,6,798,1214,91,8
2024-02-01,755,394,70,5,770,1169,88,8
2024-02-02,570,329,74,5,731,1116,85,8
2024-02-03,397,229,55,9,705,1076,82,7
2024-02-04,464,277,54,11,698,1069,77,8
2024-02-05,780,379,88,3,663,1014,74,7
2024-02-06,642,305,81,6,628,960,72,6
2024-02-07,649,359,78,3,608,933,71,6
2024-02-08,594,289,72,6,585,895,72,6
2024-02-09,538,277,82,6,581,883,73,6
2024-02-10,349,202,64,4,574,872,74,6
2024-02-11,368,240,61,2,560,853,75,4
2024-02-12,687,313,83,7,547,830,74,5
2024-02-13,358,149,60,4,506,767,71,5
2024-02-14,478,265,67,5,482,730,70,5
2024-02-15,485,240,61,1,466,707,68,4
2024-02-16,402,201,58,7,447,677,65,4
2024-02-17,255,131,42,4,433,653,62,4
2024-02-18,276,144,55,4,420,626,61,5
2024-02-19,387,178,55,3,377,564,57,4
2024-02-20,408,187,56,4,384,577,56,4
2024-02-21,379,175,68,1,370,550,56,3
2024-02-22,391,167,49,4,357,526,55,4
2024-02-23,297,136,50,5,342,502,54,4
2024-02-24,197,132,34,4,334,493,52,4
2024-02-25,214,135,37,5,325,483,50,4
2024-02-26,421,176,56,2,330,488,50,4
2024-02-27,341,150,52,3,320,473,49,3
2024-02-28,311,147,37,3,310,459,45,4
2024-02-29,284,123,40,5,295,438,44,4
2024-03-01,287,132,55,5,294,436,44,4
2024-03-02,151,80,27,7,287,422,43,4
2024-03-03,162,102,35,4,280,410,43,4
2024-03-04,323,114,46,3,266,387,42,4
2024-03-05,294,108,31,4,259,374,39,4
2024-03-06,226,101,33,3,247,355,38,4
2024-03-07,203,100,22,1,235,340,36,4
2024-03-08,191,94,28,1,221,321,32,3
2024-03-09,122,64,19,0,217,315,31,2
2024-03-10,120,59,21,6,211,303,29,3
2024-03-11,205,124,37,5,194,287,27,3
2024-03-12,208,119,27,2,182,277,27,3
2024-03-13,184,108,29,4,176,272,26,3
2024-03-14,168,89,29,1,171,265,27,3
2024-03-15,152,86,23,2,166,258,26,3
2024-03-16,117,57,25,1,165,257,27,3
2024-03-17,121,64,17,4,165,257,27,3
2024-03-18,228,109,29,2,168,259,26,2
2024-03-19,188,101,19,1,165,253,24,2
2024-03-20,173,110,29,2,164,252,24,2
2024-03-21,189,83,21,0,167,254,23,2
2024-03-22,164,90,17,4,169,256,22,2
2024-03-23,88,43,16,5,164,250,21,3
2024-03-24,88,61,15,2,160,245,21,2
2024-03-25,210,113,26,2,157,243,20,2
2024-03-26,171,94,26,1,155,240,21,2
2024-03-27,145,74,16,2,151,230,20,2
2024-03-28,164,66,22,0,147,224,20,2
2024-03-29,131,64,22,2,142,216,20,2
2024-03-30,94,61,15,1,143,219,20,1
2024-03-31,82,60,15,0,142,218,20,1
2024-04-01,169,86,20,3,137,209,19,1
2024-04-02,140,78,23,2,132,202,19,1
2024-04-03,144,69,27,1,132,201,21,1
2024-04-04,162,80,20,0,132,203,20,1
2024-04-05,141,72,21,2,133,205,20,1
2024-04-06,91,60,21,3,133,205,21,2
2024-04-07,99,53,12,2,135,206,21,2
2024-04-08,150,92,14,2,132,204,20,2
2024-04-09,137,106,18,5,132,208,19,2
2024-04-10,138,75,27,3,131,208,19,2
2024-04-11,149,80,29,0,129,206,20,2
2024-04-12,128,54,19,2,127,202,20,2
2024-04-13,90,60,16,0,127,202,19,2
2024-04-14,71,49,15,0,123,197,20,2
2024-04-15,182,94,22,1,128,202,21,2
2024-04-16,140,83,15,0,128,199,20,1
2024-04-17,149,81,18,0,130,201,19,0
2024-04-18,118,83,20,0,125,197,18,0
2024-04-19,145,74,29,3,128,203,19,1
2024-04-20,93,46,15,3,128,201,19,1
2024-04-21,92,54,17,1,131,205,19,1
2024-04-22,144,80,21,1,126,197,19,1
2024-04-23,110,82,20,1,122,193,20,1
2024-04-24,134,93,20,1,119,193,20,1
2024-04-25,114,85,25,0,119,192,21,1
2024-04-26,135,83,18,0,117,192,19,1
2024-04-27,94,50,20,0,118,193,20,1
2024-04-28,99,84,25,1,119,198,21,1
2024-04-29,186,100,33,0,125,207,23,0
2024-04-30,148,90,30,0,130,214,24,0
2024-05-01,140,119,21,0,131,218,25,0
2024-05-02,133,97,19,2,134,223,24,0
2024-05-03,129,98,24,0,133,224,25,0
2024-05-04,89,62,16,1,132,225,24,1
2024-05-05,75,86,22,0,129,222,24,0
2024-05-06,179,95,25,1,128,220,22,1
2024-05-07,171,129,28,1,131,229,22,1
2024-05-08,168,123,27,2,135,233,23,1
2024-05-09,176,106,22,0,141,241,23,1
2024-05-10,152,92,18,0,144,243,23,1
2024-05-11,109,104,13,1,147,252,22,1
2024-05-12,111,96,12,3,152,259,21,1
2024-05-13,262,191,26,2,164,284,21,1
2024-05-14,231,171,25,0,173,299,20,1
2024-05-15,260,169,32,0,186,319,21,1
2024-05-16,230,142,25,0,194,331,22,1
2024-05-17,216,133,32,0,203,346,24,1
2024-05-18,167,108,30,1,211,355,26,1
2024-05-19,137,119,24,0,215,362,28,0
2024-05-20,297,160,29,2,220,363,28,0
2024-05-21,289,190,27,0,228,374,28,0
2024-05-22,289,179,23,0,232,379,27,0
2024-05-23,225,168,28,1,231,382,28,1
2024-05-24,242,175,35,0,235,392,28,1
2024-05-25,148,117,32,0,232,391,28,0
2024-05-26,184,133,34,1,239,399,30,1
2024-05-27,182,113,30,2,223,376,30,1
2024-05-28,338,244,25,1,230,391,30,1
2024-05-29,315,220,38,0,233,401,32,1
2024-05-30,283,211,28,1,242,415,32,1
2024-05-31,262,180,28,0,245,419,31,1
2024-06-01,172,103,28,1,248,420,30,1
2024-06-02,195,175,32,3,250,428,30,1
2024-06-03,366,245,40,1,276,473,31,1
2024-06-04,386,235,36,1,283,478,33,1
2024-06-05,337,251,36,0,286,486,33,1
2024-06-06,337,217,38,1,294,494,34,1
2024-06-07,283,211,43,0,297,502,36,1
2024-06-08,240,153,33,0,306,519,37,1
2024-06-09,224,156,36,1,310,520,37,1
2024-06-10,446,267,44,1,322,535,38,1
2024-06-11,393,264,40,1,323,540,39,1
2024-06-12,398,275,57,1,332,552,42,1
2024-06-13,364,309,61,3,335,569,45,1
2024-06-14,370,244,39,6,348,586,44,2
2024-06-15,271,204,41,2,352,598,45,2
2024-06-16,305,216,53,0,364,618,48,2
2024-06-17,541,322,67,0,377,639,51,2
2024-06-18,465,305,61,1,388,656,54,2
2024-06-19,411,278,60,2,390,658,55,2
2024-06-20,483,313,60,1,407,675,54,2
2024-06-21,418,304,74,1,413,691,59,1
2024-06-22,287,221,58,1,416,696,62,1
2024-06-23,307,224,66,3,416,697,64,1
2024-06-24,577,397,64,2,421,713,63,2
2024-06-25,493,366,49,2,425,726,62,2
2024-06-26,516,368,54,0,440,753,61,1
2024-06-27,451,321,53,1,436,750,60,1
2024-06-28,420,320,59,0,436,753,58,1
2024-06-29,325,245,58,0,441,761,58,1
2024-06-30,316,266,52,1,443,769,56,1
2024-07-01,632,388,68,1,450,775,56,1
2024-07-02,624,405,69,2,469,800,59,1
2024-07-03,531,375,54,2,471,803,59,1
2024-07-04,345,198,59,2,456,770,60,1
2024-07-05,515,366,61,0,470,790,60,1
2024-07-06,387,253,65,3,479,800,61,2
2024-07-07,390,324,53,1,489,819,61,2
2024-07-08,704,480,83,1,499,842,63,2
2024-07-09,606,373,80,2,497,835,65,2
2024-07-10,615,413,71,3,509,853,67,2
2024-07-11,585,398,71,2,543,916,69,2
2024-07-12,576,338,80,3,552,920,72,2
2024-07-13,384,305,51,5,551,927,70,2
2024-07-14,398,310,73,5,553,926,73,3
2024-07-15,728,498,91,0,556,932,74,3
2024-07-16,723,433,85,3,573,958,75,3
2024-07-17,640,459,62,1,576,968,73,3
2024-07-18,637,403,82,0,584,976,75,2
2024-07-19,591,482,71,4,586,999,74,3
2024-07-20,407,333,66,2,589,1006,76,2
2024-07-21,459,341,63,1,598,1019,74,2
2024-07-22,838,563,81,3,614,1044,73,2
2024-07-23,728,481,90,3,614,1052,74,2
2024-07-24,734,504,86,0,628,1072,77,2
2024-07-25,691,448,82,5,635,1086,77,3
2024-07-26,612,441,65,4,638,1083,76,3
2024-07-27,384,330,52,3,635,1079,74,3
2024-07-28,449,332,71,4,634,1076,75,3
2024-07-29,722,555,72,2,617,1059,74,3
2024-07-30,712,448,87,2,615,1052,74,3
2024-07-31,698,415,65,4,610,1034,71,3
2024-08-01,592,424,66,2,596,1016,68,3
2024-08-02,565,312,80,2,589,991,70,3
2024-08-03,359,275,43,4,585,980,69,3
2024-08-04,354,258,57,3,572,956,67,3
2024-08-05,664,416,76,4,563,927,68,3
2024-08-06,532,341,59,6,538,886,64,4
2024-08-07,500,334,73,4,509,847,65,4
2024-08-08,484,290,57,3,494,812,64,4
2024-08-09,415,274,52,2,473,785,60,4
2024-08-10,330,229,53,2,468,774,61,3
2024-08-11,368,251,67,4,470,775,62,4
2024-08-12,592,415,66,1,460,765,61,3
2024-08-13,535,376,72,1,461,770,63,2
2024-08-14,510,362,51,0,462,776,60,2
2024-08-15,513,288,72,4,466,780,62,2
2024-08-16,454,287,71,0,472,787,65,2
2024-08-17,315,200,44,4,470,781,63,2
2024-08-18,260,210,47,2,454,760,60,2
2024-08-19,523,321,63,2,444,736,60,2
2024-08-20,527,283,56,5,443,722,58,2
2024-08-21,470,286,47,1,437,705,57,3
2024-08-22,442,270,51,5,427,693,54,3
2024-08-23,414,220,67,2,422,677,54,3
2024-08-24,273,193,49,1,416,670,54,3
2024-08-25,262,213,38,1,416,671,53,2
2024-08-26,507,308,51,2,414,667,51,2
2024-08-27,379,257,41,2,392,642,49,2
2024-08-28,392,266,59,2,381,628,51,2
2024-08-29,425,205,55,1,379,616,51,2
2024-08-30,327,219,61,1,366,604,51,1
2024-08-31,250,157,32,2,363,595,48,2
2024-09-01,214,161,40,3,356,581,48,2
2024-09-02,220,164,37,1,315,519,46,2
2024-09-03,416,281,44,2,321,528,47,2
2024-09-04,400,247,42,2,322,527,44,2
2024-09-05,382,219,37,5,316,522,42,2
2024-09-06,308,195,41,4,313,516,39,3
2024-09-07,230,147,38,4,310,512,40,3
2024-09-08,201,171,39,2,308,512,40,3
2024-09-09,398,234,35,2,334,547,39,3
2024-09-10,369,254,40,4,327,536,39,3
2024-09-11,368,209,29,2,322,526,37,3
2024-09-12,386,236,54,1,323,529,39,3
2024-09-13,336,218,48,2,327,537,40,2
2024-09-14,229,158,38,1,327,538,40,2
2024-09-15,219,150,25,1,329,538,38,2
2024-09-16,420,229,52,1,332,540,41,2
2024-09-17,391,211,44,1,336,537,41,1
2024-09-18,330,183,42,5,330,528,43,2
2024-09-19,327,200,37,2,322,514,41,2
2024-09-20,311,154,39,3,318,502,40,2
2024-09-21,178,118,33,2,311,489,39,2
2024-09-22,204,152,27,1,309,487,39,2
2024-09-23,333,187,37,1,296,468,37,2
2024-09-24,283,130,28,2,281,441,35,2
2024-09-25,321,158,24,0,280,437,32,2
2024-09-26,257,139,26,1,270,418,31,1
2024-09-27,203,94,23,0,254,394,28,1
2024-09-28,130,84,19,1,247,382,26,1
2024-09-29,154,61,24,1,240,362,26,1
2024-09-30,244,104,27,3,227,337,24,1
2024-10-01,215,126,32,1,218,327,25,1
2024-10-02,165,126,25,0,195,300,25,1
2024-10-03,156,81,20,2,181,278,24,1
2024-10-04,122,71,28,2,169,263,25,1
2024-10-05,96,50,17,1,165,253,25,1
2024-10-06,126,68,21,1,161,250,24,1
2024-10-07,197,97,19,1,154,242,23,1
2024-10-08,181,80,25,1,149,231,22,1
2024-10-09,155,72,22,3,148,222,22,2
2024-10-10,139,61,19,1,145,216,22,1
2024-10-11,103,49,17,1,142,211,20,1
2024-10-12,56,36,5,1,137,203,18,1
2024-10-13,96,68,24,1,132,199,19,1
2024-10-14,137,94,22,0,124,190,19,1
2024-10-15,138,74,15,0,118,183,18,1
2024-10-16,118,72,9,2,112,177,16,1
2024-10-17,89,61,19,2,105,170,16,1
2024-10-18,87,53,14,1,103,168,15,1
2024-10-19,79,39,14,2,106,172,17,1
2024-10-20,97,72,11,3,106,173,15,1
2024-10-21,140,78,23,2,107,171,15,2
2024-10-22,114,57,6,1,103,165,14,2
2024-10-23,144,75,21,1,107,169,15,2
2024-10-24,113,76,18,0,111,175,15,1
2024-10-25,101,52,19,0,113,177,16,1
2024-10-26,62,35,13,1,110,174,16,1
2024-10-27,90,76,13,1,109,173,16,1
2024-10-28,136,85,21,1,109,174,16,1
2024-10-29,110,73,16,0,108,175,17,1
2024-10-30,114,77,22,3,104,171,17,1
2024-10-31,120,59,18,1,105,170,17,1
2024-11-01,107,70,14,0,106,173,17,1
2024-11-02,67,55,8,1,106,177,16,1
2024-11-03,69,46,12,0,103,170,16,1
2024-11-04,122,62,17,1,101,164,15,1
2024-11-05,89,34,18,3,98,156,16,1
2024-11-06,88,54,11,0,95,149,14,1
2024-11-07,113,60,17,0,94,148,14,1
2024-11-08,86,36,15,1,91,140,14,1
2024-11-09,56,25,12,0,89,134,15,1
2024-11-10,62,31,11,0,88,131,14,1
2024-11-11,113,55,21,2,87,129,15,1
2024-11-12,120,44,18,1,91,135,15,1
2024-11-13,101,41,12,1,93,135,15,1
2024-11-14,86,48,12,1,89,129,14,1
2024-11-15,91,48,7,0,90,132,13,1
2024-11-16,50,25,10,1,89,131,13,1
2024-11-17,81,43,11,0,92,135,13,1
2024-11-18,111,63,14,0,91,136,12,1
2024-11-19,117,58,14,3,91,138,11,1
2024-11-20,89,46,12,1,89,137,11,1
2024-11-21,109,57,10,1,93,141,11,1
2024-11-22,79,46,18,0,91,139,13,1
2024-11-23,74,42,8,0,94,145,12,1
2024-11-24,84,54,17,0,95,147,13,1
2024-11-25,116,63,9,1,95,148,13,1
2024-11-26,107,56,12,0,94,146,12,0
2024-11-27,107,76,16,0,97,153,13,0
2024-11-28,59,16,10,0,89,140,13,0
2024-11-29,82,54,16,1,90,141,13,0
2024-11-30,80,56,9,0,91,144,13,0
2024-12-01,83,68,11,1,91,146,12,0
2024-12-02,149,109,18,0,95,157,13,0
2024-12-03,139,107,20,0,100,169,14,0
2024-12-04,140,95,10,1,105,177,13,0
2024-12-05,140,77,10,1,116,197,13,1
2024-12-06,129,67,11,0,123,206,13,0
2024-12-07,78,84,16,1,123,209,14,1
2024-12-08,104,72,15,1,126,213,14,1
2024-12-09,150,105,23,0,126,212,15,1
2024-12-10,196,107,25,1,134,221,16,1
2024-12-11,167,49,17,0,138,218,17,1
2024-12-12,159,63,22,2,140,219,18,1
2024-12-13,138,110,23,2,142,226,20,1
2024-12-14,95,73,16,2,144,227,20,1
2024-12-15,98,84,12,0,143,228,20,1
2024-12-16,203,149,23,2,151,242,20,1
2024-12-17,239,131,24,1,157,251,20,1
2024-12-18,193,128,18,2,161,266,20,2
2024-12-19,172,131,20,0,163,278,19,1
2024-12-20,170,120,17,0,167,284,19,1
2024-12-21,107,84,11,2,169,287,18,1
2024-12-22,99,95,16,2,169,289,18,1
2024-12-23,196,128,18,0,168,285,18,1
2024-12-24,140,87,18,0,154,264,17,1
2024-12-25,99,50,17,0,140,240,17,1
2024-12-26,219,134,31,1,147,247,18,1
2024-12-27,243,148,38,1,158,261,21,1
2024-12-28,159,108,33,1,165,272,24,1
2024-12-29,185,122,33,1,177,288,27,1
2024-12-30,306,183,33,1,193,312,29,1
2024-12-31,210,120,25,3,203,327,30,1
2025-01-01,148,103,20,4,210,341,30,2
2025-01-02,291,182,24,3,220,358,29,2
2025-01-03,239,175,30,2,220,362,28,2
2025-01-04,173,121,33,1,222,365,28,2
2025-01-05,200,124,27,2,224,368,27,2
2025-01-06,285,163,26,1,221,362,26,2
2025-01-07,274,165,31,0,230,378,27,2
2025-01-08,245,138,32,2,244,396,29,2
2025-01-09,240,170,18,3,237,387,28,2
2025-01-10,209,102,23,4,232,373,27,2
2025-01-11,191,112,26,2,235,374,26,2
2025-01-12,154,114,19,0,228,366,25,2
2025-01-13,369,184,44,2,240,381,28,2
2025-01-14,330,169,24,3,248,390,27,2
2025-01-15,283,137,24,2,254,395,25,2
2025-01-16,267,151,39,5,258,396,28,3
2025-01-17,265,149,33,4,266,411,30,3
2025-01-18,189,119,26,2,265,411,30,3
2025-01-19,204,124,26,2,272,420,31,3
2025-01-20,237,143,21,2,254,395,28,3
2025-01-21,325,155,39,0,253,393,30,2
2025-01-22,312,165,39,4,257,401,32,3
2025-01-23,317,185,41,2,264,413,32,2
2025-01-24,287,137,22,1,267,414,31,2
2025-01-25,198,116,24,1,269,415,30,2
2025-01-26,189,150,27,2,266,417,30,2
2025-01-27,378,229,42,4,287,449,33,2
2025-01-28,321,205,31,3,286,456,32,2
2025-01-29,341,186,41,0,290,463,33,2
2025-01-30,336,190,26,2,293,466,30,2
2025-01-31,314,156,30,0,297,473,32,2
2025-02-01,206,111,30,3,298,473,32,2
2025-02-02,185,133,25,2,297,470,32,2
2025-02-03,410,273,40,3,302,481,32,2
2025-02-04,386,218,33,1,311,492,32,2
2025-02-05,392,214,25,7,318,503,30,3
2025-02-06,302,193,36,1,314,499,31,2
2025-02-07,309,155,33,3,313,498,32,3
2025-02-08,229,145,34,1,316,506,32,3
2025-02-09,181,114,19,2,316,503,31,3
2025-02-10,421,236,42,0,317,499,32,2
2025-02-11,370,242,38,2,315,500,32,2
2025-02-12,351,211,33,3,309,494,34,2
2025-02-13,328,184,34,2,313,497,33,2
2025-02-14,265,125,25,3,306,486,32,2
2025-02-15,164,162,25,4,297,479,31,2
2025-02-16,185,116,30,2,298,480,32,2
2025-02-17,244,166,32,1,272,445,31,2
2025-02-18,321,183,34,1,265,429,30,2
2025-02-19,321,173,33,3,261,420,30,2
2025-02-20,346,172,48,4,264,420,32,3
2025-02-21,270,115,32,4,264,420,33,3
2025-02-22,200,135,32,2,270,421,34,2
2025-02-23,204,136,32,1,272,427,35,2
2025-02-24,369,227,40,3,290,453,36,3
2025-02-25,347,177,46,2,294,456,38,3
2025-02-26,313,163,35,1,293,453,38,2
2025-02-27,323,155,21,5,289,448,34,3
2025-02-28,326,133,36,4,297,458,35,3
2025-03-01,205,143,29,3,298,460,34,3
2025-03-02,170,122,17,3,293,453,32,3
2025-03-03,356,193,36,2,291,447,31,3
2025-03-04,381,217,37,1,296,457,30,3
2025-03-05,341,216,39,3,300,469,31,3
2025-03-06,340,207,35,3,303,479,33,3
2025-03-07,322,185,39,3,302,485,33,3
2025-03-08,193,134,26,0,300,482,33,2
2025-03-09,208,136,32,0,306,490,35,2
2025-03-10,462,306,41,1,321,521,36,2
2025-03-11,434,246,32,2,329,533,35,2
2025-03-12,417,243,44,2,339,548,36,2
2025-03-13,396,218,41,0,347,557,36,1
2025-03-14,340,214,34,3,350,564,36,1
2025-03-15,240,149,37,4,357,573,37,2
2025-03-16,266,182,29,2,365,588,37,2
2025-03-17,509,321,54,3,372,596,39,2
2025-03-18,408,315,49,2,368,603,41,2
2025-03-19,441,255,45,4,371,608,41,3
2025-03-20,416,235,32,2,374,613,40,3
2025-03-21,314,188,37,0,371,606,40,2
2025-03-22,227,127,30,1,369,601,39,2
2025-03-23,225,158,36,2,363,591,40,2
2025-03-24,430,290,43,2,352,576,39,2
2025-03-25,436,276,46,3,356,574,38,2
2025-03-26,464,267,51,2,359,579,39,2
2025-03-27,361,267,48,1,351,576,42,2
2025-03-28,330,232,39,2,353,584,42,2
2025-03-29,221,139,43,1,352,585,44,2
2025-03-30,231,165,23,2,353,587,42,2
2025-03-31,417,242,48,3,351,578,43,2
2025-04-01,416,239,58,2,349,570,44,2
2025-04-02,378,240,57,2,336,554,45,2
2025-04-03,387,217,32,3,340,551,43,2
2025-04-04,298,161,37,2,335,536,43,2
2025-04-05,189,130,33,3,331,530,41,2
2025-04-06,223,164,39,3,330,529,43,3
2025-04-07,371,238,44,0,323,522,43,2
2025-04-08,373,225,31,4,317,513,39,2
2025-04-09,329,248,31,3,310,508,35,3
2025-04-10,290,182,30,0,296,489,35,2
2025-04-11,251,137,28,1,289,479,34,2
2025-04-12,179,100,36,1,288,473,34,2
2025-04-13,158,155,22,3,279,462,32,2
2025-04-14,311,175,43,3,270,445,32,2
2025-04-15,297,173,44,1,259,426,33,2
2025-04-16,280,124,29,1,252,402,33,1
2025-04-17,278,184,36,4,251,400,34,2
2025-04-18,223,124,33,1,247,394,35,2
2025-04-19,181,107,35,4,247,396,35,2
2025-04-20,127,115,22,0,242,386,35,2
2025-04-21,312,203,27,3,243,390,32,2
2025-04-22,254,173,31,0,236,384,30,2
2025-04-23,250,141,26,3,232,382,30,2
2025-04-24,238,139,28,1,226,370,29,2
2025-04-25,192,105,31,2,222,362,29,2
2025-04-26,125,90,21,2,214,352,27,2
2025-04-27,116,108,27,0,212,349,27,2
2025-04-28,200,169,37,2,196,329,29,1
2025-04-29,192,127,29,4,188,313,28,2
2025-04-30,192,132,31,0,179,304,29,2
2025-05-01,143,128,24,5,166,288,29,2
2025-05-02,173,104,25,2,163,286,28,2
2025-05-03,102,72,14,1,160,280,27,2
2025-05-04,110,79,19,5,159,275,26,3
2025-05-05,187,144,25,1,157,269,24,3
2025-05-06,163,113,28,1,153,263,24,2
2025-05-07,152,114,15,0,147,255,21,2
2025-05-08,142,100,16,1,147,251,20,2
2025-05-09,135,83,17,1,142,242,19,1
2025-05-10,103,63,12,2,142,241,19,2
2025-05-11,95,80,17,1,140,239,19,1
2025-05-12,172,144,24,2,137,237,18,1
2025-05-13,162,112,15,3,137,237,17,1
2025-05-14,142,111,23,0,136,235,18,1
2025-05-15,168,103,19,1,140,239,18,1
2025-05-16,124,90,14,1,138,238,18,1
2025-05-17,89,64,16,1,136,237,18,1
2025-05-18,94,63,11,0,136,234,17,1
2025-05-19,161,133,11,0,134,231,16,1
2025-05-20,170,111,16,1,135,232,16,1
2025-05-21,146,104,19,1,136,231,15,1
2025-05-22,139,78,9,0,132,224,14,1
2025-05-23,137,74,12,1,134,223,13,1
2025-05-24,91,61,18,1,134,223,14,1
2025-05-25,102,74,9,1,135,226,13,1
2025-05-26,96,60,18,1,126,206,14,1
2025-05-27,184,145,14,2,128,213,14,1
2025-05-28,205,113,14,1,136,223,13,1
2025-05-29,203,130,21,2,145,239,15,1
2025-05-30,147,92,12,0,147,243,15,1
2025-05-31,109,84,17,0,149,249,15,1
2025-06-01,98,78,13,0,149,249,16,1
2025-06-02,190,140,20,0,162,274,16,1
2025-06-03,160,122,22,2,159,267,17,1
2025-06-04,179,119,14,1,155,264,17,1
2025-06-05,165,123,27,1,150,258,18,1
2025-06-06,138,96,17,1,148,257,19,1
2025-06-07,101,73,13,0,147,255,18,1
2025-06-08,99,77,12,0,147,255,18,1
2025-06-09,171,139,18,3,145,252,18,1
2025-06-10,149,110,15,1,143,248,17,1
2025-06-11,138,119,19,0,137,243,17,1
2025-06-12,139,119,15,1,134,238,16,1
2025-06-13,126,75,14,1,132,234,15,1
2025-06-14,94,76,8,1,131,233,14,1
2025-06-15,96,76,10,0,130,232,14,1
2025-06-16,173,107,12,1,131,228,13,1
2025-06-17,148,122,21,3,131,230,14,1
2025-06-18,158,94,18,2,133,229,14,1
2025-06-19,119,80,11,1,131,221,13,1
2025-06-20,140,93,18,0,133,225,14,1
2025-06-21,101,69,14,0,134,225,15,1
2025-06-22,92,61,12,0,133,222,15,1
2025-06-23,142,110,18,1,129,218,16,1
2025-06-24,137,92,16,0,127,213,15,1
2025-06-25,119,96,16,2,121,207,15,1
2025-06-26,99,83,9,1,119,205,15,1
2025-06-27,130,95,12,1,117,204,14,1
2025-06-28,84,69,10,0,115,201,13,1
2025-06-29,81,57,13,1,113,199,13,1
2025-06-30,138,93,11,0,113,196,12,1
2025-07-01,155,97,12,2,115,199,12,1
2025-07-02,128,83,13,2,116,199,11,1
2025-07-03,116,82,10,1,119,201,12,1
2025-07-04,83,39,9,1,112,186,11,1
2025-07-05,70,72,11,1,110,185,11,1
2025-07-06,84,65,11,0,111,186,11,1
2025-07-07,187,117,21,1,118,197,12,1
2025-07-08,153,91,15,1,117,196,13,1
2025-07-09,131,98,6,0,118,198,12,1
2025-07-10,138,108,17,0,121,205,13,1
2025-07-11,127,81,14,0,127,217,14,0
2025-07-12,101,58,16,1,132,220,14,0
2025-07-13,84,77,11,0,132,222,14,0
2025-07-14,169,97,17,2,129,216,14,1
2025-07-15,161,94,15,1,130,218,14,1
2025-07-16,123,78,13,1,129,214,15,1
2025-07-17,146,98,11,0,130,213,14,1
2025-07-18,126,103,13,2,130,216,14,1
2025-07-19,103,93,15,1,130,222,14,1
2025-07-20,102,94,18,0,133,227,15,1
2025-07-21,203,140,17,0,138,238,15,1
2025-07-22,171,137,15,1,139,245,15,1
2025-07-23,178,115,15,1,147,258,15,1
2025-07-24,158,106,19,0,149,261,16,1
2025-07-25,151,106,9,0,152,265,15,0
2025-07-26,110,73,14,0,153,263,15,0
2025-07-27,121,98,16,0,156,267,15,0
2025-07-28,200,143,15,1,156,267,15,0
2025-07-29,197,137,26,1,159,270,16,0
2025-07-30,184,135,16,0,160,274,16,0
2025-07-31,189,135,14,2,165,283,16,1
2025-08-01,171,109,19,2,167,286,17,1
2025-08-02,110,102,19,0,167,290,18,1
2025-08-03,95,111,12,0,164,288,17,1
2025-08-04,219,169,28,1,166,295,19,1
2025-08-05,218,181,14,0,169,304,17,1
2025-08-06,231,166,17,3,176,315,18,1
2025-08-07,213,175,18,1,180,324,18,1
2025-08-08,197,141,14,1,183,333,17,1
2025-08-09,143,106,16,0,188,338,17,1
2025-08-10,132,104,18,1,193,342,18,1
2025-08-11,244,189,28,0,197,349,18,1
2025-08-12,409,213,23,2,224,380,19,1
2025-08-13,200,176,17,1,220,377,19,1
2025-08-14,222,163,23,1,221,377,20,1
2025-08-15,203,128,19,0,222,376,21,1
2025-08-16,144,115,13,4,222,377,20,1
2025-08-17,120,116,14,1,220,377,20,1
2025-08-18,236,173,24,1,219,374,19,1
2025-08-19,221,169,20,0,192,341,19,1
2025-08-20,210,155,22,1,194,339,19,1
2025-08-21,194,146,20,0,190,333,19,1
2025-08-22,195,153,27,1,189,335,20,1
2025-08-23,143,116,18,3,188,335,21,1
2025-08-24,134,108,18,0,190,336,21,1
2025-08-25,261,184,31,0,194,341,22,1
2025-08-26,224,191,19,1,194,345,22,1
2025-08-27,226,191,24,2,197,352,22,1
2025-08-28,209,172,26,0,199,358,23,1
2025-08-29,206,161,18,1,200,361,22,1
2025-08-30,157,112,14,1,202,362,21,1
2025-08-31,159,105,16,1,206,365,21,1
2025-09-01,152,114,18,0,190,340,19,1
2025-09-02,263,222,18,0,196,350,19,1
2025-09-03,269,190,30,0,202,356,20,0
2025-09-04,263,202,17,4,210,368,19,1
2025-09-05,260,191,18,1,218,380,19,1
2025-09-06,168,128,24,0,219,384,20,1
2025-09-07,136,126,22,0,216,383,21,1
2025-09-08,281,229,10,1,234,418,20,1
2025-09-09,273,192,34,3,236,415,22,1
2025-09-10,241,198,24,0,232,413,21,1
2025-09-11,261,214,23,2,231,414,22,1
2025-09-12,248,166,28,1,230,409,24,1
2025-09-13,171,147,15,2,230,412,22,1
2025-09-14,151,157,15,0,232,418,21,1
2025-09-15,349,229,21,0,242,428,23,1
2025-09-16,303,219,20,0,246,436,21,1
2025-09-17,283,174,31,0,252,439,22,1
2025-09-18,245,190,24,0,250,433,22,0
2025-09-19,221,143,23,0,246,426,21,0
2025-09-20,140,121,15,0,242,418,21,0
2025-09-21,146,110,17,0,241,410,22,0
2025-09-22,264,173,21,0,229,390,22,0
2025-09-23,223,156,26,2,217,370,22,0
2025-09-24,211,183,23,2,207,361,21,1
2025-09-25,212,150,16,1,202,350,20,1
2025-09-26,195,123,24,0,199,344,20,1
2025-09-27,96,81,13,2,192,332,20,1
2025-09-28,126,70,18,0,190,323,20,1
2025-09-29,226,125,18,0,184,311,20,1
2025-09-30,189,107,18,1,179,299,19,1
2025-10-01,152,117,14,3,171,281,17,1
2025-10-02,139,96,15,1,160,263,17,1
2025-10-03,146,99,22,0,153,253,17,1
2025-10-04,96,68,11,4,153,251,17,1
2025-10-05,102,58,23,0,150,246,17,1
2025-10-06,153,104,16,1,140,232,17,1
2025-10-07,126,88,18,0,131,221,17,1
2025-10-08,119,88,15,0,126,212,17,1
2025-10-09,108,70,4,2,121,204,16,1
2025-10-10,87,54,2,0,113,189,13,1
2025-10-11,69,45,1,0,109,182,11,0
2025-10-12,71,37,1,0,105,174,8,0
2025-10-13,61,51,0,0,92,153,6,0
